"","gini","gasto_educ","inversion_extranjera","gasto_salud","gasto_segsocial","poblacion","dualismo_sectorial","diversidad_etnica","pib","tipo_regimen","bal_legislativo"
"1",36.1,1,0.284224297406374,0.3,5,29.3450107574463,NA,0,7809.74,2,0
"2",NA,0.6,0.377464477482756,0.4,4.6,29.2225780487061,NA,0,7968.57,2,0
"3",35.3,1.2,0.206489502468111,0.4,3.9,29.1243305206299,NA,0,7955.78,2,0
"4",NA,1.6,0.190792478258773,0.5,4.6,29.0718479156494,NA,0,8025.39,2,-0.0493828016333282
"5",32,1.4,0.0247388145325605,0.3,5.4,29.0908317565918,NA,0,8364,3,-0.0493828016333282
"6",36.1,1.8,0.106009598269625,0.4,4.7,29.1944751739502,NA,0,8164.2,3,-0.0493828016333282
"7",35.2,0.8,0.478175476645822,0.4,3.6,29.3885917663574,NA,0,8176.59,2,0
"8",40.3,1.4,0.253605959289198,0.8,3.7,29.6560955047607,NA,0,8656.89,2,0
"9",43.4,1.6,0.430419501184093,0.6,5.2,29.9592399597168,NA,0,8273.89,2,0
"10",41.3,1.4,0.297462920183777,0.4,7,30.2487182617188,NA,0,8659.38,2,0
"11",41.6,3.3,0.880955110053294,1.6,7.3,30.4895877838135,NA,0,8637.62,2,0
"12",42.7,3.4,1.06384544018918,1.7,7.3,30.6689853668213,NA,0,8045.18,2,0
"13",40.2,2.5,0.269252481027723,1.3,5,30.7940521240234,9.49615604472885,0,7710.96,2,0
"14",40.4,2.8,0.177920358938206,1.3,4.9,30.8747005462646,8.35832494926274,0,7907.47,2,0
"15",NA,3.3,0.338845892416111,1.6,5.4,30.927864074707,8.04597682518017,0,7930.6,4,-0.00393699971027672
"16",39.8,3.5,1.03939676921859,1.6,7.2,30.9639930725098,NA,0,7293.8,4,-0.00393699971027672
"17",41,3.6,0.51742270994039,4.6,7.4,30.988073348999,NA,0,7684.81,4,-0.00787399988621473
"18",43.3,4.1,-0.0171007571834998,4.8,8,30.9917736053467,NA,0,7758.18,4,-0.00787399988621473
"19",44,3.7,0.908825708058126,4.5,6.3,30.9574604034424,NA,0,7544.55,4,-0.0177165493369102
"20",47.6,3.4,1.34139040897869,4.2,6.6,30.8621997833252,NA,0,6910.33,4,-0.0177165493369102
"21",43.1,3.3,1.2988816648031,4,8.1,30.6933040618896,7.72367620191442,0,6822.82,4,-0.0374015998095274
"22",44,3.3,1.28557881763899,4,8.5,30.4443378448486,6.41649175731518,0,7392.18,4,-0.0374015998095274
"23",43,3.5,1.93679057503646,4.1,8.6,30.1289558410645,5.59078709370912,0,7986.5,4,-0.0486380503280088
"24",42,4.1,1.17974376780762,4.6,9,29.7785892486572,4.99202480653663,0,8410.83,4,-0.0486380503280088
"25",43,4.1,1.411953029158,4.9,9.4,29.4344539642334,5.01386657536411,0,8764.23,4,-0.0564202988753095
"26",46,4.3,2.17392758974997,5,9.6,29.1243362426758,5.18700378673367,0,8578.06,4,-0.0564202988753095
"27",46,4.2,2.55320340608332,4.6,9.1,28.8588123321533,5.28125463016319,0,8904.82,4,0.00194550026208162
"28",46,4.3,3.12787793868196,4.4,8.5,28.627571105957,4.87336682691045,0,9425.43,4,0.00194550026208162
"29",48,4.4,2.43876896154487,4.4,8.5,28.4116916656494,4.90293389571282,0,9690.17,4,-0.0233462993055582
"30",47,4.9,8.46058217133806,4.8,8.9,28.1835842132568,4.11532951567225,0,9329.61,4,-0.0233462993055582
"31",48,5,3.66579059535379,5,10.1,27.9246997833252,4.35302150070165,0,9171.94,4,-0.0447471502702683
"32",50,5.2,0.806164134759348,5.1,10.5,27.6319065093994,4.09280606248456,0,8812.24,4,-0.0447471502702683
"33",51,4.4,2.10594272695978,4.5,9.8,27.314489364624,9.82208717980899,NA,8157.88,4,0.0213900010567158
"34",51,4,1.27472706440197,4.3,9.7,26.9817428588867,9.64233017670766,NA,8706.42,4,0.0272178989835083
"35",47.5,4.2,2.2503036913127,4.4,9.3,26.6473236083984,7.80967340036357,NA,9259.12,4,0.0272178989835083
"36",47,4.8,2.36207773994692,4.5,9.1,26.3216991424561,7.34257097242756,NA,9974.73,4,0.0272178989835083
"37",45.6,5.1,2.09359380045379,4.6,9.5,26.0070323944092,6.69751670690948,NA,10655.2,4,0.0330634489655495
"38",45,NA,1.962979423397,NA,NA,25.7021980285645,7.88110684543638,NA,11346.1,4,0.0330634489655495
"39",44,NA,2.39543609813232,NA,NA,25.4103527069092,6.02788617322808,NA,11852.5,4,0.0272499993443489
"40",43,NA,1.06134716821672,NA,NA,25.1344051361084,5.03480525905397,NA,11961.3,4,0.0272499993443489
"41",42,NA,1.69562444335597,NA,NA,24.8763313293457,6.87798649300806,NA,NA,4,-0.0194499976933002
"42",41,NA,1.9220740044078,NA,NA,24.6366271972656,6.58921135196822,NA,NA,4,-0.0194499976933002
"43",NA,NA,2.54063786428203,NA,NA,24.4150524139404,6.30945359411208,NA,NA,4,-0.0350499972701073
"44",46.7,NA,NA,NA,NA,42.1549873352051,NA,0,19067,0,0
"45",NA,NA,NA,NA,NA,41.8808631896973,NA,0,18956.1,0,0
"46",NA,NA,NA,NA,NA,41.6016273498535,NA,0,17880.7,0,0
"47",45.3,5,NA,2.6,0.7,41.2801895141602,NA,0,18798.2,0,0.236842095851898
"48",NA,5.8,NA,2.7,0.6,40.8742446899414,NA,0,15418.7,4,0.236842095851898
"49",54.1,4.4,NA,2.4,0.6,40.3574714660645,NA,0,12880.9,4,0.236842095851898
"50",NA,4.9,2.27378913169288,2.8,0.5,39.7231788635254,NA,0,13104.4,4,0.236842095851898
"51",49.2,4.2,4.40392707312763,2.5,0.5,39.0015106201172,NA,0,14338.6,4,0.236842095851898
"52",NA,4.1,-0.132148005898606,2.5,0.5,38.2529983520508,NA,0,15835.6,4,0.315789513289928
"53",52.8,3.7,0.842252953794266,2.2,0.4,37.5561790466309,NA,0,18616.3,4,0.315789513289928
"54",NA,4.1,0.307047105826406,2.8,0.5,36.9581298828125,NA,0,19739.8,4,0.315789513289928
"55",NA,4.1,2.41149667258324,2.7,0.6,36.4807510375977,NA,0,17831.9,4,0.315789513289928
"56",NA,4.4,0.177406069999366,3,0.7,36.0991325378418,NA,0,18647.2,4,0.315789513289928
"57",NA,4.8,-0.346260388157894,3.4,0.9,35.7645301818848,NA,0,19098.4,4,0.244185999035835
"58",NA,4.8,-0.240066631068214,3.5,0.8,35.407844543457,NA,0,21037.4,4,0.244185999035835
"59",NA,4.4,-1.30133155088255,3.3,1,34.9853401184082,NA,0,21778.1,4,0.244185999035835
"60",48.1,4.1,-0.533872598584428,3.1,0.6,34.4809417724609,-2.91598837437837,0,21696.7,4,0.244185999035835
"61",NA,NA,0.397936639570252,NA,NA,33.9198913574219,NA,0,21817.8,4,0.244185999035835
"62",40.6,3.8,1.30238830334646,3.1,0.7,33.351375579834,NA,0,21787.5,4,0.153061255812645
"63",44.5,3.5,0.829523187459177,2.9,0.7,32.8420600891113,-2.05608695514458,0,22967,4,0.153061255812645
"64",NA,3.5,-0.54643082754264,2.8,0.8,32.4345207214355,NA,0,22052.8,4,0.153061255812645
"65",41.8,3.6,-0.0417850576633796,2.8,0.8,32.1376304626465,-1.88109225319962,0,21461.6,4,0.153061255812645
"66",41.9,4.3,0.0096494049533612,3,0.9,31.9233207702637,-2.05552558853781,0,20481.5,4,0.153061255812645
"67",45.3,4.4,0.876455368693402,2.8,0.9,31.7522735595703,-2.56199636023933,0,19641.9,4,-0.153061211109161
"68",NA,3.9,0.71801166001841,3,0.9,31.5724029541016,-2.24250375335634,0,20013.3,4,-0.153061211109161
"69",NA,3.9,3.11461067366579,3,1.1,31.3440456390381,-0.95525533581446,0,20886.6,4,-0.153061211109161
"70",NA,NA,2.43280687170961,NA,NA,31.06374168396,-1.87194445881598,0,21740.3,4,-0.153061211109161
"71",NA,3.6,4.23291600141016,2.7,1,30.7357635498047,-0.42512513972702,0,22157,4,-0.375
"72",NA,3.4,2.74398695139874,2.7,1,30.3384304046631,-0.50727869073885,0,23320.6,4,-0.375
"73",NA,3.2,2.48007798042914,2.6,1.1,29.8535995483398,-1.33327228946761,0,23364.1,4,-0.375
"74",NA,3.3,3.95492601246105,2.7,1.1,29.275354385376,NA,0,24155.8,4,-0.375
"75",57.5,3.3,1.57089891725059,2.8,1.1,28.604808807373,-1.57987736496956,0,24098.6,4,-0.375
"76",NA,3.3,2.19589088582402,2.7,1.1,27.8628273010254,-0.57611089459457,NA,24595.4,4,0.275000013411045
"77",48,3.4,2.73695961775811,2.9,1,27.0834922790527,-0.23452629982997,NA,24327.1,4,0.275000013411045
"78",43,3.5,3.85655585599541,3.1,1,26.3076915740967,-2.05721193350135,NA,24756.9,4,0.275000013411045
"79",NA,3.3,7.3111662238643,3,1.1,25.5633754730225,-1.3058546886352,NA,27460,4,0.275000013411045
"80",NA,NA,8.867895251424,NA,NA,24.8583221435547,-0.0481524830100701,NA,28596,4,0.275000013411045
"81",NA,NA,8.57495303519799,NA,NA,24.1930255889893,0.0267347803371698,NA,29117.1,4,-0.0609999895095825
"82",NA,NA,10.4303710843797,NA,NA,23.5735206604004,-0.60681245781876,NA,29343.9,4,-0.0609999895095825
"83",NA,NA,8.49008109538873,NA,NA,23.005033493042,-0.84482273285425,NA,28390.6,4,-0.0609999895095825
"84",NA,NA,11.0236409608091,NA,NA,22.4913864135742,NA,NA,NA,4,-0.0609999895095825
"85",NA,NA,8.40525784894716,NA,NA,22.0298042297363,-1.39426819855755,NA,NA,4,-0.0609999895095825
"86",NA,NA,6.40188587419394,NA,NA,21.6219482421875,NA,NA,NA,4,0.263199992477894
"87",42.6,1.2,4.76584021800275,1.3,6.5,37.0876235961914,NA,0,14264,4,0.375000014901161
"88",37.6,1.1,7.89287270396584,1.2,5.9,36.0683555603027,NA,0,14239.2,4,0.375000014901161
"89",34.5,1.2,7.40417802272205,1.5,6.3,34.8481788635254,NA,0,14138.8,4,0.5
"90",32.8,1.3,1.9716587560911,1.6,6,33.5632629394531,NA,0,15252.5,4,0.5
"91",NA,1.2,0.700890576903072,2.2,5.6,32.3910942077637,NA,0,16753.5,4,0.5
"92",NA,1.2,5.70264513887774,2.2,7.1,31.4475517272949,NA,0,15904.7,4,0.5
"93",31,1,1.58303405262934,1.3,6.4,30.7792778015137,NA,0,17000.8,4,0.5
"94",NA,0.9,0.989665830096955,1.3,6.6,30.340784072876,NA,0,17564.8,4,0.5
"95",46.4,1,1.62785078981798,1.4,7,30.0445899963379,NA,0,18257.8,4,0.5
"96",35.1,1,0.798134993036877,1.3,6.8,29.7611808776855,NA,0,19497.3,4,0.5
"97",30.9,0.7,0.325415488951589,1.3,6.4,29.3957805633545,NA,0,20912.9,4,0.5
"98",28.9,0.8,0.887058708541072,1.5,7,28.9323825836182,-2.42543652297995,0,20643,4,0.5
"99",NA,1,0.469977156001719,1.7,7.2,28.4033813476563,-1.75659693007537,0,19295.2,4,0.5
"100",NA,0.8,0.34746522706641,1.5,7.5,27.8257312774658,-0.859775803531765,0,19157.2,4,0.5
"101",NA,0.6,0.0043670752969694,1.5,6.8,27.2306098937988,-2.39027299815605,0,19551.6,4,0.5
"102",NA,2.7,0.404780500946076,2.1,5.9,26.6412162780762,-2.26318462769705,0,19957,4,0.5
"103",NA,3.4,0.589099581255085,2.7,6.3,26.0532398223877,-1.82294839932058,0,20528.1,4,0.5
"104",NA,3.6,0.490106398977968,2.9,5.9,25.4631576538086,-1.13297842260807,0,20816.6,4,0.5
"105",NA,3.7,0.749564920126562,2.5,6.3,24.8989315032959,-1.3185183982511,0,21706.3,4,0.5
"106",NA,3.6,0.49004570034974,2.9,8,24.3972549438477,-1.43777829341453,0,22652.7,4,0.5
"107",NA,4.4,0.55354615982605,3.9,9.8,23.9800872802734,-2.46822448980028,0,21866.9,4,0.5
"108",NA,3.1,0.368689356774152,3.2,8.6,23.660228729248,-1.60306762079104,0,20535.8,4,0.5
"109",NA,2.6,0.740683786970116,2.6,9.2,23.4247760772705,-2.32146010109281,0,18304,4,0.5
"110",NA,3.5,0.459390616390862,2.7,12,23.247896194458,-1.96116019334291,0,18672.3,4,0.5
"111",NA,5.8,0.601962978722123,4,10.5,23.0905227661133,-2.53552991664391,0,19184.1,4,0.5
"112",NA,4.8,0.519458754191833,4.5,10.3,22.9255409240723,-1.06017689578301,0,20804.3,4,0.5
"113",NA,4.5,0.551438696284659,3.6,10.7,22.7444629669189,-1.58213567581649,0,21193.4,4,0.5
"114",NA,4,0.58055235182025,3.9,10.5,22.5527763366699,-2.33125709864414,0,21973.9,4,0.5
"115",NA,5.5,0.547929158505861,3.7,11.7,22.3472881317139,-2.18087635467106,0,23493.5,4,0.5
"116",NA,5.5,0.576023117958072,3.9,11.6,22.1301937103271,-1.61202625593665,0,23222.1,4,0.5
"117",NA,4.9,0.62189453438051,3.9,11.2,21.900520324707,-1.39792044588127,0,23372.5,4,0.5
"118",NA,5,0.596012659244622,4.2,11,21.658540725708,-1.75461467055473,0,23188.9,4,0.5
"119",NA,4.2,0.549138420753645,4.1,12.3,21.4021759033203,-1.80573051978394,NA,21593.7,4,0.5
"120",NA,5.1,1.78069210075813,4.5,11.5,21.1361522674561,-2.32922319171596,NA,21545.6,4,0.5
"121",NA,4.6,-0.344758811294413,4.6,11.8,20.8636875152588,-1.41106656558554,NA,22597.6,4,0.5
"122",NA,4.6,6.12261071217525,4.6,12.1,20.5893955230713,NA,NA,23367.3,4,0.5
"123",NA,4.9,7.93325012957661,4.9,13,20.3129596710205,NA,NA,24401.8,4,0.5
"124",NA,NA,10.0084102799535,NA,NA,20.0374984741211,NA,NA,24541.8,4,0.5
"125",NA,NA,10.1735725418635,NA,NA,19.7717132568359,NA,NA,24509.7,4,0.5
"126",NA,NA,9.97584410111809,NA,NA,19.5282535552979,NA,NA,22913.6,4,0.5
"127",47,NA,15.0850897734398,NA,NA,19.3166084289551,-1.21966752345851,NA,NA,4,NA
"128",NA,NA,16.5989036141821,NA,NA,19.1388339996338,-1.8181858526306,NA,NA,4,0.5
"129",NA,NA,12.2043622850515,NA,NA,18.9925880432129,-1.33030792153353,NA,NA,4,NA
"130",NA,6.1,13.318672323656,5,2.6,47.1169357299805,NA,1,4298.08,0,0
"131",NA,6.5,5.64119459549014,4.7,3.4,47.2193717956543,NA,1,4448.44,0,0
"132",NA,6.8,NA,4.9,2.7,47.3684196472168,NA,1,4522.08,0,0
"133",NA,7.7,NA,5.4,3.2,47.5250205993652,NA,1,4568.06,0,0
"134",NA,5.8,NA,4.3,3.9,47.6299629211426,NA,1,4632.87,0,0
"135",NA,6.2,NA,4.3,4.9,47.6433448791504,NA,1,4556.63,0,0
"136",NA,7,NA,4.4,5,47.5592880249023,NA,1,4880.94,0,0
"137",NA,6.5,NA,4.4,4.2,47.3958129882813,NA,1,4811,0,0
"138",NA,6.3,1.46735143066764,4.4,4.2,47.1591415405273,NA,1,5203.21,0,0
"139",NA,6.6,-0.0329380764163373,4.9,4.7,46.8734970092773,NA,1,5379.52,0,0
"140",NA,6.5,NA,5,5.4,46.5546531677246,NA,1,5530.38,0,0
"141",NA,7,-1.03680663556246,4.9,5.3,46.209831237793,NA,1,5624.93,0,-0.138888895511627
"142",NA,5.9,NA,4.1,6,45.8435096740723,NA,1,5571.49,4,-0.138888895511627
"143",NA,5.7,NA,3.9,6,45.4742660522461,NA,1,5224.99,4,-0.138888895511627
"144",NA,6.3,-1.75438596491228,4.3,6.5,45.1154403686523,NA,1,4853.58,4,-0.138888895511627
"145",NA,6.4,1.76906526416447,4,7.4,44.7785530090332,NA,1,4506.4,4,-0.375
"146",NA,5.8,2.01887206495501,4.1,8,44.457878112793,NA,1,4649.28,4,-0.375
"147",NA,5.9,2.47694796734345,4.2,7.2,44.1543769836426,NA,1,4938.12,4,-0.375
"148",NA,5.7,4.44585582724674,3.4,NA,43.8789100646973,NA,1,5213.76,4,-0.375
"149",NA,6.2,5.13561866399587,3.9,NA,43.646656036377,NA,1,5766.32,4,-0.375
"150",NA,7.9,4.16414493796469,NA,NA,43.4599456787109,NA,1,6228.15,4,-0.232142850756645
"151",NA,NA,3.05809898002919,NA,NA,43.3259468078613,NA,1,6261.06,4,-0.232142850756645
"152",NA,6.9,3.01074791563331,NA,NA,43.2270889282227,NA,1,7060.34,4,-0.232142850756645
"153",56,7.5,1.64356254431652,NA,NA,43.1166229248047,-7.4922148442965,1,7390.82,4,-0.196428552269936
"154",58,7.2,2.64644507353068,NA,NA,42.938404083252,-6.0360790333265,1,7139.26,4,-0.275862038135529
"155",59.5,NA,3.39498731442927,NA,NA,42.6551742553711,-9.4280613770698,1,7561.57,4,-0.275862038135529
"156",56.9,NA,2.58548903364312,NA,NA,42.2606239318848,-10.9461038538214,1,7375.57,4,-0.275862038135529
"157",55,NA,1.82742805494354,NA,NA,41.7797203063965,-12.4995805544029,1,7289.94,4,-0.275862038135529
"158",52,NA,2.56215783019842,NA,NA,41.2501182556152,-8.2609052168801,1,7186.81,4,-0.275862038135529
"159",50,NA,7.31346101267054,NA,NA,40.7189674377441,-10.2198907638457,1,7265.89,4,-0.0517241507768631
"160",NA,5.6,2.80622331549944,15,NA,40.2131729125977,NA,1,7736.02,4,-0.0517241507768631
"161",NA,7.2,7.01538354203736,14,2,39.7380905151367,NA,1,7922.54,4,-0.0517241507768631
"162",NA,7,2.72192151282631,15,NA,39.2805213928223,NA,NA,8508.24,4,-0.0517241507768631
"163",NA,7.8,-1.10312068999298,14,NA,38.8328056335449,NA,NA,8742.04,4,-0.120700001716614
"164",NA,7.2,10.539884327213,14,NA,38.3806228637695,-6.0001097500634,NA,9101.4,4,-0.120700001716614
"165",NA,6.9,11.3900698609026,NA,NA,37.9148292541504,-4.1126181735369,NA,9026.25,4,-0.120700001716614
"166",NA,NA,8.93911423802412,NA,NA,37.4392890930176,NA,NA,9530.51,4,-0.120700001716614
"167",NA,NA,10.8771103493319,NA,NA,36.9575386047363,NA,NA,9252.68,4,-0.403250008821487
"168",NA,NA,12.3969992433343,NA,NA,36.4677848815918,NA,NA,9283.99,4,-0.403250008821487
"169",NA,NA,8.14088007854207,NA,NA,35.9668579101563,NA,NA,8459.1,4,-0.403250008821487
"170",NA,NA,6.90351074093541,NA,NA,35.4548835754395,NA,NA,NA,4,-0.403250008821487
"171",NA,NA,6.41211608024417,NA,NA,34.9307594299316,NA,NA,NA,4,-0.403250008821487
"172",NA,NA,12.3391221603267,NA,NA,34.3998031616211,NA,NA,NA,4,-0.274199992418289
"173",NA,NA,1.94303475670307,NA,NA,43.0127906799316,NA,1,2777.26,1,0
"174",NA,NA,0.173443983402489,NA,NA,43.0481491088867,NA,1,2838.25,1,0
"175",NA,NA,1.28854949162679,NA,NA,43.0877952575684,NA,1,2962.84,1,0
"176",NA,NA,0.364206861077038,NA,NA,43.1199569702148,NA,1,3078.54,1,0
"177",NA,NA,2.10608273449769,NA,NA,43.1299705505371,NA,1,3120.31,1,0
"178",NA,NA,2.56152784820649,NA,NA,43.1088027954102,NA,1,3268.88,1,0
"179",NA,NA,-0.296476979641112,NA,NA,43.0541915893555,NA,1,3406.03,1,0
"180",NA,4.1,-0.0371812142890324,2,0.6,42.9708824157715,NA,1,3494.3,1,0
"181",NA,3.7,0.30599585117417,1.9,0.6,42.8654823303223,NA,1,3463.53,1,0
"182",NA,3.2,1.51537645493847,2.1,0.7,42.7470436096191,NA,1,3439.89,1,0
"183",NA,3.2,2.00551501529331,2.1,0.4,42.6218528747559,-27.4837568622255,1,3331.55,1,0
"184",NA,4.5,2.52732417800292,2.6,1.6,42.4940414428711,-27.0291982435422,1,3312.39,1,-0.111538395285606
"185",NA,5,1.0940061618676,2.1,1.4,42.3626327514648,-28.7738905095641,1,3130.5,1,-0.111538395285606
"186",NA,4.7,0.239734907996904,2.6,1.2,42.2231330871582,-26.7125293403884,1,2901.42,3,-0.111538395285606
"187",NA,4.3,0.210714626439191,2.4,1.7,42.0694351196289,-24.5461948222871,1,2853.58,3,-0.111538395285606
"188",NA,4.2,0.353338661239021,2.4,1.7,41.899169921875,-26.8363006978713,1,2776.34,3,-0.111538395285606
"189",51.6,NA,0.505129656366704,NA,NA,41.7082557678223,-29.0713994150389,1,2638.12,3,-0.311538394540548
"190",NA,NA,1.55935329946125,NA,NA,41.5033187866211,-29.6834499286755,1,2688.16,3,-0.311538394540548
"191",NA,4.4,-0.219679089352644,2.2,0.3,41.3042869567871,-30.2362773673217,1,2696.85,3,-0.311538394540548
"192",52.5,4.6,-0.517389934981399,2.1,0.3,41.1360092163086,14.4677017697152,1,2750.74,3,-0.311538394540548
"193",54.5,4.7,0.558798938246739,2.2,0.2,41.0123519897461,15.5408526403413,1,2801.02,3,-0.276923093944788
"194",42,4.9,0.97318876394722,2.2,1.1,40.9372444152832,15.2887973012659,1,2864.75,3,-0.276923093944788
"195",49.5,5.2,1.64957896350169,2,1.2,40.897834777832,13.9268513192596,1,2842.26,3,-0.276923093944788
"196",51,5.9,2.15878643126781,3,1.3,40.8708534240723,14.4290893193919,1,2898.13,4,-0.276923093944788
"197",NA,5.9,2.17681379105816,4,1.4,40.8265914916992,15.5149544106864,1,2979.35,4,-0.399999964982271
"198",52.7,5.2,5.84795796181383,2.6,1.5,40.7449569702148,14.6836135120641,1,3050.44,4,-0.399999964982271
"199",58.2,5.1,6.40939666507773,2,1.5,40.6202278137207,11.0774302667056,1,3103.27,4,-0.399999964982271
"200",56,5.7,9.21807393194474,2.3,1.6,40.4580116271973,11.5406546913792,1,3159.42,4,-0.399999964982271
"201",NA,NA,11.1715219124312,NA,NA,40.2641563415527,NA,1,3217.21,4,-0.373076915740967
"202",56,NA,12.1966503880343,NA,NA,40.047966003418,-21.9940942191896,1,3195.7,4,-0.373076915740967
"203",62.2,5,8.76830715399938,2.4,4.4,39.8152923583984,-21.7923503625187,1,3223.89,4,-0.373076915740967
"204",56,5.8,8.66860956528485,2.4,4.6,39.5697860717773,-26.284637027761,1,3235.81,4,-0.373076915740967
"205",58,5.5,8.55789343094917,2.5,4.8,39.3077278137207,-24.7012127516662,NA,3236.9,4,0.0306499972939491
"206",53,5.2,2.44234490803722,2.4,4.7,39.0195960998535,-19.6819982455238,NA,3278.58,4,0.0306499972939491
"207",NA,5.3,0.745772609767832,2.5,4.5,38.6928367614746,-19.7253425735027,NA,3366.11,4,0.0306499972939491
"208",56,NA,-2.49884905080723,3,4.4,38.3210105895996,-24.2219853009087,NA,3428.71,4,0.0306499972939491
"209",54,NA,2.45168746724883,2.7,NA,37.9015045166016,-25.6238895453777,NA,3535.38,4,0.226849989965558
"210",55,NA,2.79183786661418,NA,NA,37.4433479309082,-23.2226035324784,NA,3619.77,4,0.226849989965558
"211",54,NA,3.07260183830872,NA,NA,36.9656181335449,-20.8305942516093,NA,3744.31,4,0.226849989965558
"212",NA,NA,2.43967814961288,NA,NA,36.4933547973633,-18.2706547219984,NA,3793.85,4,0.226849989965558
"213",NA,NA,3.1654435637675,NA,NA,36.0442733764648,NA,NA,NA,4,0.403850039467216
"214",NA,NA,3.58661124617799,NA,NA,35.6253623962402,NA,NA,NA,4,0.403850039467216
"215",NA,NA,3.92069936345091,NA,NA,35.2325706481934,NA,NA,NA,4,0.403850039467216
"216",59,3.7,NA,0.9,NA,42.3442230224609,NA,1,4480.76,2,0
"217",NA,3.1,NA,0.9,NA,41.9721412658691,NA,1,4903.88,2,0
"218",61,2.9,NA,0.8,0.2,41.5809669494629,NA,1,5352.16,2,0
"219",NA,3,NA,0.7,0.1,41.1695709228516,NA,1,5932.42,2,0
"220",55.3,3.1,NA,0.9,0.2,40.7348976135254,NA,1,6309.15,2,0
"221",NA,2.7,1.05246670554196,0.9,0.4,40.278507232666,NA,1,6404.94,2,0
"222",60,3.3,1.01848320759275,1,0.4,39.7976036071777,NA,1,6974.56,2,0
"223",NA,3.2,1.04046468596072,1,0.3,39.30322265625,NA,1,7069.65,2,0
"224",56,3.7,0.998999546913937,1.1,0.6,38.8251686096191,NA,1,7241.75,2,0
"225",59.15,3.9,1.07525692149629,1.1,0.7,38.3993530273438,NA,1,7596.11,2,0
"226",56,3.8,0.813106376209214,1.7,0.1,38.0463600158691,NA,1,8046.65,2,0
"227",55,3.4,0.956135069024986,1,0.1,37.7707214355469,-18.5643050011587,1,7381.35,2,0
"228",54.2,2.8,1.03307874048929,0.4,0.1,37.5553512573242,-20.5320994156266,1,7307.37,2,0
"229",57,2.9,0.791423641583427,0.4,2,37.3718452453613,-16.1620937898924,1,6871.77,2,0
"230",56,4.1,0.762592173993246,0.5,1.7,37.1833038330078,-18.3391379075824,1,6958,2,0
"231",53,2.4,0.646354159821139,NA,NA,36.9632110595703,-17.0591000496666,1,7116.42,3,0
"232",56,2.4,0.128665462375748,0.3,3.3,36.7079925537109,-14.7428102539125,1,7833.99,3,0
"233",57,3.1,0.397505322708208,1.1,2.3,36.4209861755371,-14.5902406795753,1,7839.83,3,-0.273100614547729
"234",59,2.9,0.848675005546145,1.1,1.6,36.0931396484375,-14.0844619981879,1,7588.71,3,-0.273100614547729
"235",61,3.1,0.265745409647488,1,2.2,35.7157859802246,-14.6811239353657,1,7514.71,3,-0.273100614547729
"236",59,2.9,0.214091608374832,0.4,2.9,35.28466796875,-14.6999992370605,1,7180.6,4,-0.273100614547729
"237",NA,3.1,0.270782606204944,0.6,3.1,34.7987976074219,NA,1,7132.75,4,-0.194831047207117
"238",57.3,3.4,0.527694958047551,1.7,2.5,34.2637138366699,-20.5799992370605,1,6983.68,4,-0.194831047207117
"239",58,4.1,0.294775601389327,1.6,3.6,33.6909217834473,-19.8399996185303,1,7196.84,4,-0.194831047207117
"240",NA,4.3,0.56239697371473,1.6,3.4,33.0961036682129,NA,1,7482.72,4,-0.194831047207117
"241",58,4.1,0.631899577164592,1.3,3.4,32.4929046630859,-20.3287499898752,1,7640.94,4,-0.130604351405054
"242",58,4,1.33383730367965,0.9,4.2,31.8831253051758,-18.88630928657,1,7692.33,4,-0.130604351405054
"243",58,4.4,2.25550875422058,0.8,6.1,31.270845413208,-18.8036083904122,1,7826.72,4,-0.130604351405054
"244",57,4.3,3.78193471717881,0.8,5.7,30.6735820770264,-17.8752627837181,1,7744.86,4,-0.130604351405054
"245",57,4.7,4.86928252589908,0.9,5.8,30.1113719940186,-18.7267392668594,1,7613.45,4,-0.0380116477608681
"246",NA,4.7,5.08440307106786,2.5,5,29.5964527130127,NA,1,7790.53,4,-0.0380116477608681
"247",57,5.2,4.05673344429528,2.6,5.4,29.1338634490967,-14.6266208480654,1,7821.93,4,-0.0380116477608681
"248",57,7.3,3.29026293217977,2.8,5.5,28.7167510986328,-13.982367761366,NA,7945.03,4,-0.0380116477608681
"249",56,6.9,1.83603412649307,2.9,5.2,28.329948425293,-13.3140381650042,NA,7793.46,4,-0.0304834023118019
"250",55,6.5,2.73678505766453,2.9,4.8,27.9523239135742,-14.0866048355057,NA,8158.04,4,-0.0304834023118019
"251",55,6.1,1.75246340532158,3,4.6,27.568151473999,-14.7916092415103,NA,8349.95,4,-0.0304834023118019
"252",48.6,5.9,1.77957514430664,2.6,4.1,27.1743507385254,-13.8160775296451,NA,8606.51,4,-0.0304834023118019
"253",53,5.9,3.2615386207618,2.3,3.9,26.7729415893555,-12.7372826861572,NA,9041.7,4,0.0575499981641769
"254",53,NA,3.06719928119314,NA,NA,26.3602027893066,-11.4858373600095,NA,9317.37,4,0.0575499981641769
"255",52,NA,1.94304186327731,NA,NA,25.9334583282471,-11.3732737661118,NA,9352.81,4,0.0575499981641769
"256",NA,NA,2.48917140001372,NA,NA,25.4917850494385,NA,NA,NA,4,0.0575499981641769
"257",NA,NA,2.88847291439674,NA,NA,25.0359077453613,-9.84372917787208,NA,NA,4,0.140349999070168
"258",NA,NA,3.38452993660852,NA,NA,24.5679588317871,NA,NA,NA,4,0.140349999070168
"259",50.1,3.9,NA,1.7,NA,39.7063102722168,NA,0,4550.41,4,0.106666699051857
"260",46,4.9,NA,3,NA,39.3106880187988,NA,0,4855.88,4,0.106666699051857
"261",44,8.5,NA,4.3,12.8,38.848560333252,NA,0,4695.32,4,0.106666699051857
"262",NA,4.4,NA,2.6,6.1,38.3149185180664,NA,0,4384.99,4,0.157894747331738
"263",NA,4.1,NA,2.5,6.4,37.7023391723633,NA,0,4520.48,2,0
"264",NA,4.1,0.691900090913834,2.4,8.2,37.0115394592285,NA,0,3774.56,2,0
"265",NA,4.1,-0.0101445107379703,2.1,7.6,36.2402114868164,NA,0,3837.7,2,0
"266",51.8,4.7,0.157195683448951,2.2,8.4,35.4080429077148,NA,0,4161.94,2,0
"267",51.5,4.4,1.17536807925107,2.2,9,34.5636749267578,NA,0,4461.88,2,0
"268",49.4,4.2,1.17705104291612,1.9,8.8,33.7692718505859,NA,0,4819.76,2,0
"269",51.3,4.1,0.772514230897491,2.1,9,33.0690841674805,-9.04683938259846,0,5102.47,2,0
"270",50.6,4.3,1.173231705445,1.9,10.8,32.4793891906738,-9.17511150524142,0,5311.37,2,0
"271",53.9,5,1.64753298786099,2.3,14.3,31.9901218414307,-10.70583335975,0,4416.28,2,0
"272",54.2,4.4,0.682838919886973,1.9,13.6,31.5854434967041,-9.93694977867985,0,4184.33,2,0
"273",55.5,4.3,0.405558500463621,2,13.6,31.2391567230225,-8.45914181019344,0,4388.33,2,0
"274",53.2,4,0.875287473009227,1.8,11.8,30.9320163726807,-12.564245875234,0,4376.25,2,0
"275",53.9,3.7,1.78021919689612,1.7,10.8,30.6551151275635,-11.6350267164177,0,4544.88,2,0
"276",47,3.2,4.26033818499218,2.1,8.8,30.4119644165039,-11.6753884457857,0,4767.9,2,0
"277",54.5,2.8,3.92802009848822,2.2,7.6,30.2092685699463,-11.4289802519825,0,5043.93,2,0
"278",57.3,2.6,4.52174833115272,2.1,7.1,30.057409286499,-10.7127369144586,0,5522.42,2,0
"279",46,2.5,2.09512823158912,2,7.2,29.958459854126,-10.5914353261053,0,5636.4,3,-0.150000013411045
"280",55.4,2.5,2.25866517170375,2,6.8,29.9132022857666,-9.17244203496796,0,5974.22,3,-0.150000013411045
"281",53,2.6,2.10511183024101,2.2,6.7,29.9033203125,-8.06619953043965,0,6628.8,3,-0.150000013411045
"282",50,2.7,2.1686169327275,2.3,6.8,29.8900413513184,-7.37753745612183,0,7002.86,3,-0.150000013411045
"283",54,2.7,4.681599492343,2.3,6.4,29.8256301879883,-6.76598159981893,0,7330.61,3,-0.266666604671627
"284",57.2,2.7,4.14440512902809,2.2,6.2,29.6779041290283,-6.46136518535345,0,8065.16,3,-0.266666604671627
"285",54,3,6.35433420076883,2.3,6.6,29.4386444091797,-9.35744344350463,0,8591.47,3,-0.266666604671627
"286",NA,3.1,6.36573425473803,2.3,6.6,29.1175270080566,-8.4640916644955,0,9079.52,3,-0.266666604671627
"287",54,3.5,5.83042491236693,2.5,7,28.7241020202637,-8.27825438584604,0,9266.02,3,-0.262499997857958
"288",57.3,3.8,12.0021669975968,2.6,7.9,28.2746047973633,-8.19263720180348,0,9134.63,3,-0.262499997857958
"289",54,3.7,6.12643258646448,2.8,7.2,27.7827186584473,-8.50493207868304,0,9449,3,-0.262499997857958
"290",NA,3.9,5.80583194736489,3,7.2,27.2521915435791,-8.4402807685224,0,9690.41,3,-0.262499997857958
"291",NA,4,3.59222180096325,3,7.1,26.6852874755859,-7.98095889964224,NA,9788.15,3,-0.179150003939867
"292",53,3.8,5.53366944107388,3,6.7,26.0934562683105,-8.32719400132305,NA,10080.4,3,-0.179150003939867
"293",NA,3.6,7.12776404793889,2.8,6.1,25.489896774292,-8.67865641787984,NA,10662.7,3,-0.179150003939867
"294",NA,3.3,5.61380095699689,2.8,6,24.8863296508789,-8.60722812971253,NA,11219.3,4,-0.179150003939867
"295",50.9,3.1,4.71864918299001,2.8,5.5,24.2865142822266,-8.93226172693344,NA,11645.3,4,-0.150000002235174
"296",NA,3.2,7.24461546329485,3,5.4,23.6962909698486,-8.60759654848669,NA,12136,4,-0.150000002235174
"297",NA,NA,8.42323354727521,NA,NA,23.1310291290283,-8.06634432377066,NA,12583.3,4,-0.150000002235174
"298",50.8,NA,7.47866041591962,NA,NA,22.6083583831787,-7.63812783749525,NA,11998.8,4,-0.150000002235174
"299",NA,NA,7.22991507954493,NA,NA,22.140209197998,-7.13602174535068,NA,NA,4,-0.216599993407726
"300",50.1,NA,9.33416900349146,NA,NA,21.7318954467773,-6.71781982744425,NA,NA,4,-0.216599993407726
"301",NA,NA,10.719522744888,NA,NA,21.3798961639404,NA,NA,NA,4,-0.216599993407726
"302",54,NA,0.597357169394858,NA,NA,45.8400421142578,NA,1,3064.73,3,-0.25
"303",51,1.7,0.551484797003535,0.8,NA,45.4647560119629,NA,1,3174.95,3,-0.25
"304",51,2,0.212850631985683,0.7,NA,45.0297966003418,NA,1,3292.85,3,-0.25
"305",NA,1.9,0.231127578412019,0.8,NA,44.5495796203613,NA,1,3425.06,3,-0.25
"306",52,1.8,0.330554647622232,4.6,NA,44.0427436828613,NA,1,3576.33,3,-0.178392000496387
"307",56,2,0.28299783227559,4.2,NA,43.5235900878906,NA,1,3526.52,3,-0.178392000496387
"308",50.8,1.9,0.162957709433182,3.9,NA,43.0015907287598,NA,1,3643.5,3,-0.178392000496387
"309",NA,1.4,0.333830170751929,3.8,NA,42.4775886535645,NA,1,3750.78,3,-0.178392000496387
"310",54.5,2.1,0.459947750764991,4.2,NA,41.9475593566895,NA,1,4000.95,3,-0.188442204147577
"311",55,2.4,0.454539120262692,4.5,NA,41.4040794372559,NA,1,4108.43,3,-0.188442204147577
"312",44.6,2.5,0.470462125336216,1.2,NA,40.8448829650879,18.5111249133667,1,4215.15,3,-0.188442204147577
"313",NA,2.7,0.728254276544348,1.2,NA,40.2671737670898,NA,1,4254.65,3,-0.188442204147577
"314",56,2.8,0.939231721644753,1.2,3,39.681583404541,NA,1,4223.17,3,-0.201005045324564
"315",43.4,2.9,1.59566957867312,1.1,2.7,39.1134948730469,NA,1,4164.87,3,-0.201005045324564
"316",NA,3.2,1.52667282755931,1.2,3,38.5939140319824,NA,1,4173.5,3,-0.201005045324564
"317",44.7,2.7,2.93170086770067,0.7,2.7,38.1411514282227,16.0516162164418,1,4157.73,3,-0.201005045324564
"318",NA,3.2,1.92888406564017,1.1,2.4,37.7603378295898,16.6296294891093,1,4284.28,3,-0.168341706506908
"319",NA,3.2,0.877016641418515,1.2,NA,37.4381294250488,17.3166203241475,1,4418.93,3,-0.168341706506908
"320",51.2,2.7,0.517691459384433,1.1,NA,37.1513137817383,16.0731589796416,1,4514.99,3,-0.168341706506908
"321",53.2,3.3,1.45674957383353,1.3,NA,36.8693046569824,15.3176480623137,1,4538.83,3,-0.168341706506908
"322",NA,3.2,1.2414894472161,1,2.6,36.5708503723145,15.3480928165791,1,4620.41,3,-0.15829149261117
"323",56.7,3.3,1.10791699892495,0.9,2.5,36.2513809204102,16.1222753441753,1,4590.01,3,-0.15829149261117
"324",48,3.2,1.47870562373687,0.9,2.8,35.9158515930176,14.3982640823689,1,4789.74,3,-0.0384615031071007
"325",60.4,3.4,1.71873896468588,1.5,3,35.5650787353516,12.7791041763883,1,4969.15,3,-0.0384615031071007
"326",58,3.5,1.77042271317566,2.1,4.1,35.2022972106934,14.7759062444264,1,5112.22,3,-0.154321050737053
"327",56.5,4.4,1.04680225890961,3.7,4.9,34.8300628662109,14.2835703461964,1,5271.82,3,-0.154321050737053
"328",54,4.4,3.20262764155841,3.1,7,34.4475746154785,12.6205654237786,1,5212.62,3,-0.154321050737053
"329",57.9,4.5,5.21492782764352,3.4,5.2,34.0540657043457,12.7090314024578,1,6174.17,3,-0.154321050737053
"330",57.25,4.9,2.87354601716879,4.1,4.5,33.6522064208984,13.2628143001081,1,6067.05,3,-0.154321050737053
"331",55,4.4,1.74959319478361,3.3,4,33.2453689575195,12.8606767982882,1,5598.54,3,-0.114906798582524
"332",55,4.2,2.4392265533233,2.9,4.6,32.8360900878906,7.84956309073011,1,5816.84,3,-0.114906798582524
"333",55,4.4,2.58844282363372,3.1,5,32.4257774353027,-13.2245825102638,1,5889.71,3,-0.114906798582524
"334",57,5.1,2.1787237966637,2.8,5.2,32.0147018432617,-11.8997606472926,NA,5953.58,3,-0.114906798582524
"335",53,5.2,1.81707877749359,2.8,4.8,31.6029396057129,-12.760282348416,NA,6153.05,3,-0.096950002014637
"336",55,4.9,2.57581835370719,2.3,6.1,31.1902599334717,-10.8813793616125,NA,6366.68,3,-0.096950002014637
"337",54,4.8,6.98567397262212,2.2,7.5,30.7770671844482,-12.9577882403864,NA,6662.06,3,-0.096950002014637
"338",57,4.7,4.14724370031399,2.2,7.2,30.3635787963867,-12.6140642685329,NA,7067.79,3,-0.096950002014637
"339",56,NA,4.28188179680552,NA,NA,29.9515323638916,-11.8701218879966,NA,7523.29,3,-0.237649992108345
"340",54,NA,4.32877716230725,NA,NA,29.5444869995117,-10.3844562327055,NA,7644.46,3,-0.237649992108345
"341",55,NA,3.43620621687361,NA,NA,29.1467056274414,-10.6337453447874,NA,7528.69,3,-0.237649992108345
"342",54,NA,2.24025634451712,NA,NA,28.7609252929688,-11.3015192474884,NA,NA,3,-0.237649992108345
"343",NA,NA,4.3670523114616,NA,NA,28.3877277374268,-10.7511432431607,NA,NA,3,-0.301849991083145
"344",NA,NA,4.06109427942219,NA,NA,28.0258941650391,-10.5910609139609,NA,NA,3,-0.301849991083145
"345",NA,3.4,NA,0.4,4.5,44.778678894043,NA,0,6485.47,4,0.131578957661986
"346",43,5,NA,1.3,4.8,44.1972427368164,NA,0,6707.92,4,0.131578957661986
"347",NA,5,NA,1,4.4,43.5638236999512,NA,0,6934.86,4,0.131578957661986
"348",NA,5.1,NA,1.6,5.1,42.878173828125,NA,0,7205.52,4,0.131578957661986
"349",45.2,5.1,NA,1.1,5.7,42.1393165588379,NA,0,7419.67,4,0.0350876562297344
"350",NA,5.5,NA,1,4.6,41.3549995422363,NA,0,7423.12,4,0.0350876562297344
"351",NA,6,NA,1.1,1.9,40.5336418151855,NA,0,7649.91,4,0.0350876562297344
"352",49,5.5,2.03422237422773,0.9,1.9,39.6993217468262,NA,0,8192.43,4,0.0350876562297344
"353",NA,6,1.37942429507652,1.2,1.8,38.8923835754395,NA,0,8338.66,4,0.0526315495371819
"354",45,6.2,1.07792814050876,1.1,2.2,38.1579666137695,NA,0,8503.85,4,0.0526315495371819
"355",NA,6.2,1.0887007166636,7.2,2.1,37.5254592895508,NA,0,8430.85,4,0.0526315495371819
"356",47.5,5,2.65263404626055,6.2,3.4,36.9932556152344,NA,0,7723.6,4,0.0526315495371819
"357",42,4.2,1.10871497187404,6,2.6,36.5524444580078,NA,0,6958.29,4,0.18421046808362
"358",45.1,4.7,1.52648567512079,5.3,3.2,36.2097320556641,-14.3198681361642,0,6972.86,4,0.18421046808362
"359",NA,4.2,1.21682869422499,5.6,5.1,35.9702949523926,-17.3741322144175,0,7239.36,4,0.18421046808362
"360",NA,5.1,1.45727359455223,5,7.4,35.8295516967773,-15.4417526880018,0,7177.23,4,0.18421046808362
"361",42,4.3,1.11356633711091,5.1,6.8,35.7859840393066,-13.6975948109548,0,7355.61,4,0.0701754651963711
"362",NA,4.7,1.37473330141009,5.8,6.8,35.8166961669922,-14.59847527437,0,7346.3,4,0.0701754651963711
"363",NA,4.4,2.01525147225191,6,5.2,35.8712768554688,-15.0712626997277,0,7326.57,4,0.0701754651963711
"364",42,4.5,1.47529957584235,6.8,4.6,35.8899574279785,-13.7840443315054,0,7432.19,4,0.0701754651963711
"365",42,4.2,2.19492046746102,7.2,4.6,35.8317604064941,-13.6281632457374,0,7464.17,4,-0.0263158138841391
"366",43,4.4,2.49073417518273,8.6,4.9,35.6870574951172,-12.0599597496454,0,7288.95,4,-0.0263158138841391
"367",43,4.3,2.63599548284879,7.2,5.4,35.4637985229492,-10.7552716852884,0,7710.86,4,-0.0263158138841391
"368",43,4.3,2.55958224314622,6.8,5.2,35.163890838623,-9.5646585113482,0,8040,4,-0.0263158138841391
"369",44,4.4,2.8188409747343,7.1,5.4,34.7948417663574,-8.0096188219444,0,8158.94,4,0.0614035092294216
"370",43,4.4,2.87399537538105,7.1,6.2,34.3641242980957,-7.9038126126971,0,8179.43,4,0.0614035092294216
"371",44,4.8,3.60501360389632,9.8,6,33.8757743835449,-8.7525967757284,0,8000.4,4,0.0614035092294216
"372",43,5.2,3.18162573854235,7.3,5.7,33.3333053588867,-7.6076466893032,0,8232.84,4,0.0614035092294216
"373",43,5.3,4.34754441757678,7.4,6,32.7443580627441,-7.2667400173988,0,8599.44,4,0.00877195596694946
"374",45,5.6,3.9215432478845,7.3,6.3,32.1157569885254,-9.1582248571393,0,8967.01,4,0.00877195596694946
"375",44,4.4,2.56210393975539,5.4,5.6,31.4539852142334,-10.943540404408,0,8939.73,4,0.00877195596694946
"376",48,4.7,2.80656645730923,6,5.4,30.7606754302979,-6.79940293029718,0,8968.42,4,0.00877195596694946
"377",48,5.1,3.91439523244983,6,5.3,30.0424785614014,-7.36425556338938,NA,9075.44,4,-0.0789999924600124
"378",47,5.1,3.2827954940044,6.1,5.3,29.315523147583,-6.35322689088502,NA,9407.71,4,-0.0789999924600124
"379",46,4.9,4.26876170926325,6,5.2,28.5996437072754,-6.17672457873086,NA,9622.32,4,-0.0789999924600124
"380",45,NA,4.31278039496076,5.9,NA,27.9094142913818,-6.2065988911819,NA,9949.06,4,-0.0789999924600124
"381",47,4.7,6.5216147900172,6,NA,27.2496967315674,-5.08219555874227,NA,10592.8,4,0.122800000011921
"382",47,NA,7.20346221897062,NA,NA,26.619535446167,-4.71736231305234,NA,11213.1,4,0.122800000011921
"383",47,NA,6.96666906973611,NA,NA,26.0204315185547,-5.09432093742226,NA,11408.7,4,0.122800000011921
"384",48,NA,4.58263789283588,NA,NA,25.4525127410889,-4.88394897194551,NA,11216.7,4,0.122800000011921
"385",46,NA,4.03773550486587,NA,NA,24.9155769348145,-7.822012824619,NA,NA,4,0.0701499916613102
"386",NA,NA,5.27704541156623,NA,NA,24.4121379852295,-7.70011122524106,NA,NA,4,0.0701499916613102
"387",NA,NA,5.90782909570011,NA,NA,23.9422550201416,-7.33496197166126,NA,NA,4,0.0701499916613102
"388",NA,NA,NA,NA,NA,NA,NA,NA,NA,1,0
"389",NA,NA,NA,NA,NA,NA,NA,NA,NA,1,0
"390",NA,NA,NA,NA,NA,NA,NA,NA,NA,1,0
"391",NA,NA,NA,NA,NA,NA,NA,NA,NA,1,0
"392",NA,NA,NA,NA,NA,NA,NA,NA,NA,1,0
"393",NA,NA,NA,NA,NA,NA,NA,NA,NA,1,0
"394",NA,NA,NA,NA,NA,NA,NA,NA,NA,1,0
"395",NA,NA,NA,NA,NA,NA,NA,NA,NA,1,0
"396",NA,NA,NA,NA,NA,NA,NA,NA,NA,1,0
"397",NA,NA,NA,NA,NA,NA,NA,NA,NA,4,0.0274725556373596
"398",NA,NA,NA,NA,NA,NA,NA,NA,NA,4,0.0274725556373596
"399",NA,NA,NA,NA,NA,NA,NA,NA,NA,4,0.0274725556373596
"400",NA,NA,NA,NA,NA,NA,NA,NA,NA,4,0.0274725556373596
"401",NA,NA,NA,NA,NA,NA,NA,NA,NA,4,0.0708333505317569
"402",NA,NA,NA,NA,NA,NA,NA,NA,NA,4,0.0708333505317569
"403",NA,NA,NA,NA,NA,NA,NA,NA,NA,4,0.0708333505317569
"404",NA,NA,NA,NA,NA,NA,NA,NA,NA,4,0.0708333505317569
"405",NA,NA,NA,NA,NA,NA,NA,NA,NA,4,0.0333333015441895
"406",NA,NA,NA,NA,NA,NA,NA,NA,NA,4,0.0333333015441895
"407",NA,NA,NA,NA,NA,NA,NA,NA,NA,4,0.0333333015441895
"408",NA,NA,NA,NA,NA,NA,NA,NA,NA,4,0.0333333015441895
"409",NA,NA,NA,NA,NA,NA,NA,NA,NA,3,0.149999991059303
"410",NA,NA,NA,NA,NA,NA,NA,NA,NA,3,0.149999991059303
"411",NA,NA,NA,NA,NA,NA,NA,NA,NA,3,0.149999991059303
"412",NA,NA,NA,NA,NA,NA,NA,NA,NA,3,0.149999991059303
"413",NA,NA,NA,NA,NA,NA,NA,NA,NA,3,0.0833333134651184
"414",NA,NA,NA,NA,NA,NA,NA,NA,NA,4,0.0833333134651184
"415",NA,NA,NA,NA,NA,NA,NA,NA,NA,4,0.0833333134651184
"416",NA,NA,NA,NA,NA,NA,NA,NA,NA,4,0.0833333134651184
"417",NA,NA,NA,NA,NA,NA,NA,NA,NA,4,0.385905992239714
"418",NA,NA,NA,NA,NA,NA,NA,NA,NA,4,0.385905992239714
"419",NA,NA,NA,NA,NA,NA,NA,NA,NA,4,0.385905992239714
"420",NA,NA,NA,NA,NA,NA,NA,NA,NA,4,0.123350001871586
"421",NA,NA,NA,NA,NA,NA,NA,NA,NA,4,0.123350001871586
"422",NA,NA,NA,NA,NA,NA,NA,NA,NA,4,0.123350001871586
"423",NA,NA,NA,NA,NA,NA,NA,NA,NA,4,0.123350001871586
"424",NA,NA,NA,NA,NA,NA,NA,NA,NA,4,0.106750000268221
"425",NA,NA,NA,NA,NA,NA,NA,NA,NA,4,0.106750000268221
"426",NA,NA,NA,NA,NA,NA,NA,NA,NA,4,0.106750000268221
"427",NA,NA,NA,NA,NA,NA,NA,NA,NA,4,0.106750000268221
"428",NA,NA,NA,NA,NA,NA,NA,NA,NA,4,0.196699996478856
"429",NA,NA,NA,NA,NA,NA,NA,NA,NA,4,0.196699996478856
"430",NA,NA,NA,NA,NA,NA,NA,NA,NA,4,0.196699996478856
"431",68.3,NA,NA,0.5,NA,44.0162124633789,NA,1,3156.34,1,0
"432",NA,NA,NA,0.4,NA,43.8681945800781,NA,1,3342.22,1,0
"433",NA,NA,NA,1.8,NA,43.7146415710449,NA,1,3477.6,1,0
"434",NA,3.5,NA,1.6,NA,43.5498733520508,NA,1,4080.35,1,0
"435",NA,2.8,NA,1.4,NA,43.3654670715332,NA,1,4442.18,1,0
"436",NA,3.3,NA,1.5,NA,43.1558952331543,NA,1,4685.04,1,0
"437",NA,2.9,-0.218875557393475,1.4,NA,42.9234657287598,NA,1,4856.17,1,0
"438",NA,3.4,0.312886954168931,1.5,NA,42.6714324951172,NA,1,5187.04,1,0
"439",NA,3,0.407632553170582,1.8,NA,42.3975486755371,NA,1,5432.72,1,0
"440",NA,3,0.4472610759275,1.6,NA,42.0988616943359,NA,1,5478.76,3,-0.36231885291636
"441",NA,4.9,0.391465718880209,1.8,2.9,41.7748069763184,NA,1,5643.95,3,-0.36231885291636
"442",NA,4.5,0.275093486735419,2.1,2.9,41.4249229431152,NA,1,5527.93,3,-0.36231885291636
"443",NA,4.1,0.200703933173697,2.2,2.9,41.0536231994629,NA,1,5555.42,3,-0.36231885291636
"444",NA,3.8,0.291502981668326,2,3.1,40.6709823608398,NA,1,4980.93,3,-0.36231885291636
"445",NA,3.6,0.29563905461818,1.9,2.5,40.2893676757813,NA,1,4995.99,3,-0.0214285105466843
"446",NA,3.7,0.361535121721331,1.1,2.6,39.9170227050781,NA,1,5070.38,3,-0.0214285105466843
"447",NA,4,0.528922805369612,1.1,2.2,39.557243347168,NA,1,5079.57,3,-0.0214285105466843
"448",44.5,3.8,0.882009256068712,1.4,2.6,39.2073783874512,NA,1,4677.19,3,-0.00704224314540625
"449",43.9,3.2,1.18756778476777,1.3,2.1,38.8624038696289,16.6375283691116,1,4919.65,3,0.138888852670789
"450",NA,3,1.15183912614149,1.1,1.9,38.5149765014648,16.4958286822053,1,4819.56,3,0.138888852670789
"451",NA,2.7,0.826810818532832,1.6,2.6,38.1602745056152,13.927619537275,1,4705.33,3,0.138888852670789
"452",NA,2.5,0.941831073317196,1.4,1.8,37.7970733642578,13.8342574014461,1,4991.21,3,-0.118055590428412
"453",NA,2.4,0.983758888252825,1.7,2,37.4279327392578,13.0820257082773,1,5054.02,3,-0.118055590428412
"454",NA,3.6,2.50138260949827,1.8,2.3,37.0563735961914,17.0091877995426,1,5010.82,3,-0.454545410815626
"455",62.5,2.5,2.53798138207953,1.8,3.1,36.6873168945313,15.9658036082164,1,5136.63,3,-0.454545410815626
"456",55.5,2.8,1.85196858328035,1.8,3.1,36.3236274719238,16.4225600291846,1,5107.83,3,-0.350649406202137
"457",NA,2.9,1.9808234758739,1.1,2.2,35.9669342041016,14.7917212590151,1,5055.16,3,-0.350649406202137
"458",NA,2.2,2.5707108395873,1,1.7,35.6152725219727,14.1098964547044,1,5167.92,3,-0.365853702649474
"459",56.2,2.7,3.10914577010949,0.9,1.7,35.2640151977539,11.0228753476218,1,5197.56,3,-0.365853702649474
"460",57,2.2,3.30065864638905,0.9,1.4,34.9072265625,10.8282661919391,1,4668.4,3,-0.11983469966799
"461",54,1.8,-0.127892583165029,0.7,1.4,34.5415077209473,-12.9626059731407,1,4776.84,3,-0.11983469966799
"462",NA,2.3,2.20108486045059,0.9,2,34.1656112670898,-17.6551316631213,1,5033.75,3,-0.11983469966799
"463",NA,2.8,2.74357251922969,1,1.4,33.7825889587402,NA,NA,5227.29,3,-0.11983469966799
"464",53,2.4,2.68713101741545,1.1,1.9,33.3984680175781,-19.3438980807327,NA,5259.04,3,-0.125
"465",52,2.6,2.287241330465,1.2,2.1,33.0209541320801,-22.3297513650552,NA,5539.42,3,-0.125
"466",52,2.6,1.18874605515093,1.2,2.3,32.6549644470215,-21.4621411924925,NA,5766.73,3,-0.125
"467",51.5,2.7,0.579950851142313,1.3,2.4,32.3013381958008,-21.4045333547198,NA,5890.09,3,-0.125
"468",52,NA,0.380084250544774,NA,NA,31.957555770874,-19.7628056378468,NA,5973.51,4,-0.25
"469",48,NA,1.71229906262066,NA,NA,31.6207618713379,-19.401330526173,NA,6305.07,4,0.527149999514222
"470",47,NA,0.492150408607298,NA,NA,31.2869567871094,-18.196999531437,NA,6170.96,4,0.366899993270636
"471",47,NA,0.234284322536376,NA,NA,30.9532604217529,-18.019608320655,NA,NA,4,0.366899993270636
"472",NA,NA,0.811826994496013,NA,NA,30.6199378967285,-18.3551058294103,NA,NA,4,0.366899993270636
"473",NA,NA,0.667153097767877,NA,NA,30.28737449646,-18.7132497342956,NA,NA,4,0.366899993270636
"474",NA,NA,NA,NA,NA,NA,NA,NA,NA,1,0
"475",NA,NA,NA,NA,NA,NA,NA,NA,NA,1,0
"476",NA,NA,NA,NA,NA,NA,NA,NA,NA,1,0
"477",NA,NA,NA,NA,NA,NA,NA,NA,NA,1,0
"478",NA,NA,NA,NA,NA,NA,NA,NA,NA,1,0
"479",NA,NA,NA,NA,NA,NA,NA,NA,NA,1,0
"480",NA,NA,NA,NA,NA,NA,NA,NA,NA,1,0
"481",NA,NA,NA,NA,NA,NA,NA,NA,NA,1,0
"482",NA,NA,NA,NA,NA,NA,NA,NA,NA,1,0
"483",NA,NA,NA,NA,NA,NA,NA,NA,NA,1,0
"484",NA,NA,NA,NA,NA,NA,NA,NA,NA,1,0
"485",NA,NA,NA,NA,NA,NA,NA,NA,NA,1,0
"486",NA,NA,NA,NA,NA,NA,NA,NA,NA,1,0
"487",NA,NA,NA,NA,NA,NA,NA,NA,NA,1,0
"488",NA,NA,NA,NA,NA,NA,NA,NA,NA,3,0
"489",NA,NA,NA,NA,NA,NA,NA,NA,NA,3,-0.716666663065553
"490",NA,NA,NA,NA,NA,NA,NA,NA,NA,3,-0.716666663065553
"491",NA,NA,NA,NA,NA,NA,NA,NA,NA,3,-0.716666663065553
"492",NA,NA,NA,NA,NA,NA,NA,NA,NA,3,-0.816666677594185
"493",NA,NA,NA,NA,NA,NA,NA,NA,NA,3,-0.816666677594185
"494",NA,NA,NA,NA,NA,NA,NA,NA,NA,3,-0.816666677594185
"495",NA,NA,NA,NA,NA,NA,NA,NA,NA,3,-0.672618927434087
"496",NA,NA,NA,NA,NA,NA,NA,NA,NA,3,-0.672618927434087
"497",NA,NA,NA,NA,NA,NA,NA,NA,NA,3,-0.672618927434087
"498",NA,NA,NA,NA,NA,NA,NA,NA,NA,3,-0.357142826542258
"499",NA,NA,NA,NA,NA,NA,NA,NA,NA,3,-0.357142826542258
"500",NA,NA,NA,NA,NA,NA,NA,NA,NA,3,-0.357142826542258
"501",NA,NA,NA,NA,NA,NA,NA,NA,NA,4,-0.197530812583864
"502",NA,NA,NA,NA,NA,NA,NA,NA,NA,4,-0.197530812583864
"503",NA,NA,NA,NA,NA,NA,NA,NA,NA,4,-0.197530812583864
"504",NA,NA,NA,NA,NA,NA,NA,NA,NA,4,-0.178571466356516
"505",NA,NA,NA,NA,NA,NA,NA,NA,NA,4,-0.178571466356516
"506",NA,NA,NA,NA,NA,NA,NA,NA,NA,4,-0.178571466356516
"507",NA,NA,NA,NA,NA,NA,NA,NA,NA,4,-0.138600034639239
"508",NA,NA,NA,NA,NA,NA,NA,NA,NA,4,-0.138600034639239
"509",NA,NA,NA,NA,NA,NA,NA,NA,NA,4,-0.138600034639239
"510",NA,NA,NA,NA,NA,NA,NA,NA,NA,4,-0.166600003838539
"511",NA,NA,NA,NA,NA,NA,NA,NA,NA,4,-0.166600003838539
"512",NA,NA,NA,NA,NA,NA,NA,NA,NA,4,-0.166600003838539
"513",NA,NA,NA,NA,NA,NA,NA,NA,NA,4,-0.119000002741814
"514",NA,NA,NA,NA,NA,NA,NA,NA,NA,4,-0.119000002741814
"515",NA,NA,NA,NA,NA,NA,NA,NA,NA,4,-0.119000002741814
"516",NA,NA,NA,NA,NA,NA,NA,NA,NA,4,-0.172700025141239
"517",NA,2,NA,NA,NA,44.6158866882324,NA,1,4048.36,1,0
"518",NA,NA,NA,NA,NA,44.5962066650391,NA,1,4163.46,1,0
"519",NA,1.9,NA,0.9,0.6,44.6127548217773,NA,1,4455.53,1,0
"520",NA,1.9,NA,0.9,0.5,44.6599502563477,NA,1,4646.53,1,0
"521",NA,1.8,NA,0.8,0.6,44.7300834655762,NA,1,4827.42,1,0
"522",NA,1.5,NA,0.8,0.9,44.816764831543,NA,1,4838.83,1,0
"523",NA,1.6,NA,0.8,0.9,44.9167785644531,NA,1,4966.05,1,0
"524",NA,1.4,1.77903468688919,0.8,1.2,45.0277252197266,NA,1,5212.74,1,0
"525",NA,1.4,2.09534471019237,0.8,0.5,45.144718170166,NA,1,5347.54,1,0
"526",49.7,1.4,1.69501342603619,0.9,0.4,45.2624130249023,NA,1,5572.65,1,0
"527",NA,1.8,1.40505412758935,1.4,0.4,45.3758354187012,NA,1,5742.98,1,0
"528",NA,1.8,1.47661917801146,1.2,0.4,45.4841537475586,NA,1,5641.85,1,0
"529",NA,1.6,0.884478637493766,0.7,0.4,45.5839080810547,NA,1,5410.63,1,0
"530",NA,1.4,0.497237547962517,0.7,0.4,45.6650047302246,NA,1,5176.67,1,0
"531",NA,1.4,0.401267154027223,0.7,0.4,45.7159729003906,NA,1,5033.9,1,0
"532",NA,1.2,0.635694408150696,0.5,0.3,45.730411529541,NA,1,4911.4,1,0
"533",NA,1.4,0.95133225608702,0.6,0.4,45.7052688598633,NA,1,4801.09,3,-0.544999992474914
"534",57.6,2.2,2.12015137201896,0.9,0.4,45.6454620361328,NA,1,4655.74,3,-0.544999992474914
"535",NA,1.4,4.20704787772468,1.2,0,45.5620460510254,NA,1,4643.65,3,-0.544999992474914
"536",58.0333333333333,2.3,0.905986170662682,1.2,0.6,45.4694633483887,NA,1,4706.89,3,-0.544999992474914
"537",NA,1.6,0.623519176557819,0.9,0.8,45.3772277832031,NA,1,4750.21,3,-0.544999992474914
"538",NA,1.5,0.964268128998736,0.9,0.7,45.2882308959961,NA,1,4774.56,3,-0.586206887848675
"539",NA,1.7,0.901268282495589,1,0.9,45.1987915039063,NA,1,4806.37,3,-0.586206887848675
"540",NA,1.8,1.25000626972608,1,0.8,45.1039848327637,NA,1,4913.1,3,-0.586206887848675
"541",NA,1.8,0.502186083852676,0.9,0.8,44.9967002868652,NA,1,4958.48,3,-0.586206887848675
"542",NA,1.5,0.513068303392194,0.9,0.7,44.8726387023926,NA,1,5055.64,3,-0.524999994784594
"543",NA,1.6,0.487276940848919,0.8,0.7,44.7289161682129,NA,1,5137.7,3,-0.406249981373549
"544",NA,1.8,0.474459646279252,1,0.7,44.5682716369629,NA,1,5178.67,3,-0.406249981373549
"545",54.8,2.2,3.4691727875839,1.1,0.9,44.3980827331543,NA,1,5221.82,3,-0.406249981373549
"546",NA,2.4,0.844020553740935,1.4,0.9,44.2280426025391,NA,1,5359.52,3,-0.406249981373549
"547",52,2.4,1.19177422376466,1,1,44.0633392333984,NA,1,5451.99,4,-0.380531003698707
"548",NA,2.7,2.43561213335043,1.1,1.1,43.9067687988281,NA,1,5414.51,4,-0.380531003698707
"549",56,2.5,0.53241281391209,1,0.9,43.7523765563965,-23.5250869357164,NA,5506.47,4,-0.380531003698707
"550",53,2.6,0.597735689257404,1.1,1.4,43.5864219665527,-21.7061039693038,NA,5528.43,4,-0.380531003698707
"551",51,2.5,1.23512012438556,0.9,1.1,43.3915328979492,-24.3337439977619,NA,5564.15,4,-0.0760499907191843
"552",NA,2.5,1.98447380962696,1.1,0.9,43.157039642334,NA,NA,5629.32,4,-0.0760499907191843
"553",53,2.6,2.10147707017177,1.1,1,42.8808746337891,-21.0148657804477,NA,5809.42,4,-0.0760499907191843
"554",NA,NA,2.51868099022004,NA,NA,42.5695037841797,NA,NA,6043.65,4,-0.0760499907191843
"555",NA,NA,1.91920319259025,NA,NA,42.2317733764648,NA,NA,6121.91,4,0.167849991004914
"556",NA,NA,1.84570699877398,NA,NA,41.8796844482422,NA,NA,6284.95,4,0.167849991004914
"557",NA,NA,2.04557321107318,NA,NA,41.5218658447266,-21.7067509872815,NA,NA,4,0.167849991004914
"558",NA,NA,2.39148658727274,NA,NA,41.1614303588867,-25.8812018283544,NA,NA,4,0.167849991004914
"559",NA,NA,2.50779356529793,NA,NA,40.797306060791,-21.0590354791711,NA,NA,4,0.344949989812449
"560",NA,4.4,NA,2.1,NA,48.7311592102051,NA,1,2018.36,1,0
"561",NA,4.5,NA,1.9,NA,48.356014251709,NA,1,1955.31,1,0
"562",NA,4.8,NA,2.1,NA,47.7530784606934,NA,1,1836.46,1,0
"563",NA,6.6,NA,2.8,3,47.0007743835449,NA,1,1999.31,1,0
"564",NA,5.5,NA,2,2.7,46.214973449707,NA,1,2184.11,1,0
"565",NA,5.4,NA,2.5,1.6,45.4831695556641,NA,1,2624.31,1,0
"566",NA,5.8,NA,2.5,1.9,44.835620880127,NA,1,2645.23,1,0
"567",NA,7,-0.392261465956472,2.8,2.5,44.2498779296875,NA,1,2368.67,1,0
"568",NA,6.3,0.792774315689832,3.2,2.6,43.6986541748047,NA,1,2182.39,1,0
"569",NA,7,0.110895727009337,3.4,1.4,43.1305160522461,NA,1,2443.4,1,0
"570",NA,7.2,0.0975191137845371,4.1,1.6,42.5063095092773,NA,1,2315.05,1,0
"571",NA,8.5,-0.311695554569327,4.4,2,41.8245315551758,NA,1,2220.64,1,0
"572",NA,7,0.91977870016828,4.9,2.6,41.0984497070313,NA,1,1736.27,1,0
"573",NA,7,0.96730245263851,4,2.6,40.3217697143555,NA,1,1546.38,1,0
"574",NA,6.6,1.02575303272012,3.7,2.4,39.4908905029297,NA,1,1440.51,1,0
"575",NA,7.4,0.39934306162788,4.2,4.4,38.6143760681152,NA,1,1421.71,1,0
"576",NA,5.9,-1.78341029954027,4,NA,37.6810569763184,NA,1,1428.81,1,0
"577",NA,5.9,1.2267625785017,4.4,NA,36.7094879150391,NA,1,1499,1,0
"578",NA,NA,0.507491554071811,NA,NA,35.7788009643555,NA,1,1724.24,1,0
"579",NA,NA,-0.542420182247594,NA,NA,34.9963340759277,NA,1,1468.98,1,0
"580",NA,NA,1.99202050400333,NA,NA,34.4391975402832,NA,1,1436.3,1,0
"581",NA,NA,3.66489212096242,NA,NA,34.1498680114746,NA,1,1807.48,1,0
"582",50,NA,39.8092346267683,NA,NA,34.1046028137207,NA,1,1975.49,1,0
"583",53.6,NA,15.7233044431573,NA,NA,34.2327651977539,NA,1,2057.41,4,0.492307707667351
"584",NA,NA,19.7254477159029,NA,NA,34.4278831481934,NA,1,1927.32,4,0.492307707667351
"585",NA,NA,11.9718135843195,NA,NA,34.6115303039551,NA,1,2140.96,4,0.492307707667351
"586",NA,NA,8.3639772437415,NA,NA,34.759635925293,NA,1,2313.79,4,0.492307707667351
"587",NA,NA,6.9413111726682,NA,NA,34.8898391723633,7.5486092628278,1,3144.9,4,0.492307707667351
"588",44.5,NA,6.1321418318879,NA,NA,35.0155792236328,NA,1,3154.89,4,0.469230741262436
"589",43.2,NA,6.6210392240923,NA,NA,35.1636734008789,NA,1,3111.72,4,0.469230741262436
"590",NA,8.5,9.415324811764,1.5,NA,35.3507385253906,NA,1,3306.55,4,0.469230741262436
"591",NA,8.6,8.04272446006021,0.7,NA,35.5649719238281,2.5035175055253,1,3370.14,4,0.492400009185076
"592",NA,8.4,6.03492857360099,1.7,NA,35.7889175415039,9.4231849994943,NA,3320.5,4,0.492400009185076
"593",NA,7,3.51785520463388,2.1,NA,36.0290184020996,NA,NA,3322.56,4,0.492400009185076
"594",NA,5.5,3.81718838649708,2.1,NA,36.294864654541,NA,NA,3421.6,4,0.492400009185076
"595",NA,8.5,9.3104389439144,2.1,NA,36.5857734680176,NA,NA,3760.53,4,0.492400009185076
"596",35,8.3,7.0211571289611,2.7,NA,36.9083061218262,NA,NA,3696.2,4,0.492400009185076
"597",NA,NA,8.75693582582471,NA,NA,37.2382392883301,NA,NA,4025.74,4,0.438450004905462
"598",NA,NA,9.25830510466022,NA,NA,37.5090065002441,NA,NA,4147.18,4,0.438450004905462
"599",NA,NA,8.0965060491777,NA,NA,37.6351203918457,NA,NA,4337.99,4,0.438450004905462
"600",NA,NA,8.76382140186753,NA,NA,37.5583572387695,NA,NA,NA,4,0.438450004905462
"601",NA,NA,9.5785050373617,NA,NA,37.2638397216797,NA,NA,NA,4,0.438450004905462
"602",NA,NA,9.74728101661869,NA,NA,36.7743759155273,NA,NA,NA,4,0.446150004863739
"603",NA,1,NA,1.1,NA,47.7120971679688,NA,1,2355.91,1,0
"604",NA,0.9,NA,1,NA,47.7255821228027,NA,1,2576.98,1,0
"605",NA,0.9,NA,1,NA,47.7032852172852,NA,1,2665.91,1,0
"606",NA,0.8,NA,0.8,NA,47.6528015136719,NA,1,2645.89,1,0
"607",NA,0.8,-0.11116481389673,1.4,NA,47.5839538574219,NA,1,2757,1,0
"608",NA,0.7,0.622775800711743,1.2,NA,47.5036315917969,NA,1,2859.55,1,0
"609",NA,0.6,0.389465893861882,1,NA,47.4148178100586,NA,1,3009.24,1,0
"610",NA,0.5,0.533093750858939,0.7,NA,47.3168754577637,NA,1,3031.69,1,0
"611",NA,0.6,0.681523722108711,0.8,NA,47.2090454101563,NA,1,3239.98,1,0
"612",NA,0.9,1.25249835224514,1.2,NA,47.0892601013184,NA,1,3390.17,1,0
"613",NA,1,0.226032732956723,0.8,NA,46.9571990966797,-34.9335471473285,1,3250.36,1,0
"614",NA,1.1,-0.127682213158361,0.8,NA,46.8117370605469,-36.3080943434794,1,3373.55,1,0
"615",NA,1.2,0.475288439741956,1.3,NA,46.6556243896484,-36.6597777469008,1,3366.51,3,0.0853658565320075
"616",NA,1.1,0.682482945024197,1,NA,46.4955139160156,-36.5513629169015,1,3209.02,3,0.0853658565320075
"617",NA,1,0.616149442603193,1,NA,46.3394432067871,NA,1,3101.59,3,0.0853658565320075
"618",NA,1,0.755598309756365,0.9,NA,46.1916618347168,NA,1,3177.19,3,0.0853658565320075
"619",54.9,1.5,0.787711690900151,NA,NA,46.0520820617676,NA,1,3085.31,3,0.029850815422833
"620",NA,1.8,0.930764606811431,1.4,NA,45.9158325195313,NA,1,3166.04,3,0.029850815422833
"621",NA,2.1,1.21650628380718,1.5,NA,45.7762870788574,NA,1,3158.47,3,0.029850815422833
"622",58.73,2.1,1.43119796949938,1.2,NA,45.6251678466797,NA,1,3222.91,3,0.029850815422833
"623",55.7,4.2,1.42674585882343,2.7,0.1,45.4563636779785,-27.6636406544791,1,3112.47,3,-0.0546875
"624",50,4.4,1.69791898935525,2.5,0.1,45.2683296203613,-15.259392686941,1,3022.47,3,-0.0546875
"625",49,4.4,1.39202656238637,2.6,0.1,45.0606307983398,-17.8292851966386,1,3120.38,3,-0.0546875
"626",51,4.9,0.766802723786857,2.7,0.1,44.829761505127,NA,1,3110.41,3,-0.0546875
"627",53,3.9,1.01388067354999,2.5,0,44.5719566345215,-12.8560649482108,1,2889.06,3,0.0703125
"628",53,4.2,1.27842802676833,3,0,44.2844390869141,-15.6650286548049,1,2959.13,3,-0.20684374962002
"629",54,3.9,2.25332579611833,2.6,0,43.9659461975098,-15.977355894009,1,3023.51,3,-0.20684374962002
"630",51,4.1,2.60551034718938,2,0,43.6164131164551,-13.9907172042404,1,3104.78,3,-0.20684374962002
"631",54,3.9,1.90303529344955,1.9,0,43.2360076904297,-15.4666828984402,1,3095.83,3,-0.1875
"632",52,4.2,4.41690230362145,2.1,0,42.8257598876953,-19.1608952289252,1,2870.13,3,-0.1875
"633",NA,5.7,5.37129767227378,3.3,0.2,42.386962890625,NA,1,3005.45,3,-0.1875
"634",52,6.8,4.02091081423653,3.3,0.2,41.9230842590332,-22.3112408958634,1,3014.17,3,0
"635",56,6.6,3.53847169981696,3.5,0.3,41.4355964660645,-25.3480247239145,NA,3037.15,3,-0.171849996782839
"636",56,7.7,4.94797254113444,4.2,0.2,40.9225997924805,-24.6407805714335,NA,3088.46,3,-0.171849996782839
"637",57,7.8,6.23406239492242,3.6,0.3,40.3814086914063,-21.538254273804,NA,3189.63,3,-0.171849996782839
"638",58,7.6,6.21442502899209,3.4,0.3,39.8123588562012,-25.5475888467641,NA,3309.78,3,-0.171849996782839
"639",56,7.6,6.61879928809881,3.4,0.3,39.2167282104492,-23.3167233920146,NA,3444.05,3,-0.156199993565679
"640",54,NA,7.87688519201487,NA,NA,38.6021003723145,-21.5926130519608,NA,3627.2,3,-0.156199993565679
"641",57,NA,8.70792193976729,NA,NA,37.9828224182129,-22.3894164978026,NA,3691.26,3,-0.156199993565679
"642",54,NA,3.38987446209181,NA,NA,37.3763236999512,-25.4280292652464,NA,3605.01,3,-0.156199993565679
"643",55,NA,3.06096549485689,NA,NA,36.7950782775879,-23.5087857515275,NA,NA,3,-0.214800008572638
"644",NA,NA,5.88679759811533,NA,NA,36.2425880432129,-20.000812820637,NA,NA,3,-0.214800008572638
"645",NA,NA,5.75056558733299,NA,NA,35.7174034118652,NA,NA,NA,3,-0.214800008572638
"646",NA,3.2,NA,2,NA,46.977783203125,NA,0,7501.85,4,0.5
"647",NA,3.8,NA,2.3,NA,47.0917510986328,NA,0,7649.89,4,0.5
"648",NA,3.7,NA,2.3,NA,46.9421424865723,NA,0,8235.96,4,0.349056601524353
"649",65.1,4.7,NA,1.9,NA,46.5554122924805,NA,0,8276.65,4,0.349056601524353
"650",NA,6.7,NA,1.9,NA,45.9762878417969,NA,0,7819.93,4,0.349056601524353
"651",44.5,6,NA,2.9,1.2,45.2446708679199,NA,0,7692.8,4,0.349056601524353
"652",NA,6.9,-0.0202289725337062,2.9,1.1,44.3575553894043,NA,0,7128.49,4,0.349056601524353
"653",NA,6.5,-0.29848604125816,2.8,1.2,43.3295402526855,NA,0,6864.33,4,0.39166671037674
"654",NA,6,-1.00585061805757,2.7,NA,42.2386665344238,NA,0,6836.11,4,0.39166671037674
"655",NA,6.1,-1.08863097935608,NA,NA,41.1870193481445,NA,0,6621.57,4,0.39166671037674
"656",65.5,7.5,1.03382148833999,NA,NA,40.2501373291016,NA,0,6187.45,4,0.39166671037674
"657",NA,7.2,-0.386031959084768,NA,NA,39.4624557495117,NA,0,6275.29,4,-0.350000008940697
"658",NA,7.2,-0.479733345487339,10.6,NA,38.811450958252,NA,0,6272.15,4,-0.350000008940697
"659",NA,7.3,-0.516679878660125,8.6,NA,38.2658576965332,NA,0,6355.59,4,-0.350000008940697
"660",NA,0.4,0.513994879730393,6.4,NA,37.7720718383789,NA,0,6217.44,4,-0.5
"661",NA,0.6,-0.428522653197741,6.1,NA,37.2902755737305,NA,0,5899.36,4,-0.5
"662",NA,1.2,-0.16699644361283,6.2,NA,36.8097953796387,NA,0,5983.47,4,-0.5
"663",NA,0.8,1.62457811088522,6,NA,36.3421897888184,NA,0,6441.63,4,-0.5
"664",39.2,2.2,-0.31345155234788,6.2,NA,35.896183013916,NA,0,6638.7,4,-0.5
"665",42.75,2,1.29627249309513,6.9,NA,35.4896583557129,NA,0,7039.14,4,0.25
"666",56,5.4,3.00291262172203,2.1,0.6,35.1351737976074,NA,0,7402.29,4,0.25
"667",40.75,4.3,3.24387041344933,2.2,0.6,34.8359184265137,NA,0,7389.3,4,0.25
"668",56.3,3.1,4.02777309530549,2,0.4,34.5818061828613,NA,0,8043.27,4,0.25
"669",61.5,4.6,1.5926511854533,2.6,0.8,34.3578071594238,-16.373864134612,0,8153.38,4,0.366666659712791
"670",NA,3.9,2.62649897572078,2.6,0.5,34.1429481506348,-14.8451673799933,0,8095.75,4,0.366666659712791
"671",58.3,4.5,2.53548998714566,1.9,0.5,33.9213943481445,-14.1768002740015,0,8045.31,4,0.366666659712791
"672",66,5.2,2.81433247731803,2.5,0.5,33.6875457763672,-14.2144331057869,0,8031.59,4,0.366666659712791
"673",59,6.5,2.72063061061939,2.7,0.6,33.4432106018066,-13.2702725169427,0,8906.98,4,0.366666659712791
"674",54.1,5.4,4.22207187665938,2.7,0.5,33.1887092590332,-12.9315359739865,0,8739.76,4,0.33333333581686
"675",53,5.1,5.93030682922372,2,0.3,32.9267539978027,-12.9535477331698,0,8696.26,4,0.33333333581686
"676",37.9,5.6,5.19834885067092,1,0.4,32.6583824157715,-13.7600919563387,0,8694.96,4,0.33333333581686
"677",61,5.9,6.74280768693048,2,0.3,32.3804016113281,-13.7535433588064,0,8725.84,4,0.33333333581686
"678",58,5.5,4.95010308605719,2.4,1.2,32.0888137817383,-13.8441660572154,NA,8744.44,4,0.33333333581686
"679",NA,4.8,7.64243858820779,2.2,0.3,31.7826271057129,-14.4549138350917,NA,8946.86,4,0.083299994468689
"680",45.5,5.4,5.91358252996089,2.6,0.4,31.4607162475586,-12.7887987772705,NA,8952.41,4,0.083299994468689
"681",NA,5.3,5.75943259398444,2.1,0.4,31.1212024688721,-12.1599407159109,NA,9011.1,4,0.083299994468689
"682",NA,5.6,7.07671450400537,2.4,1.1,30.7705554962158,-12.2746373867787,NA,9182.7,4,0.083299994468689
"683",NA,5.9,6.33306506690721,2.6,0.4,30.4067134857178,-12.267980438108,NA,9227.89,4,0.083299994468689
"684",NA,NA,10.0652114712109,NA,NA,30.0109748840332,-13.0521181707236,NA,9101.62,4,-0.050000011920929
"685",NA,NA,4.00135020686151,NA,NA,29.559211730957,-13.7629499297753,NA,8794.49,4,-0.050000011920929
"686",NA,NA,1.40411019914253,NA,NA,29.0396633148193,-13.9104844303881,NA,NA,4,-0.050000011920929
"687",NA,NA,1.19688270447488,NA,NA,28.4419651031494,-10.9983505032204,NA,NA,4,-0.050000011920929
"688",NA,NA,2.79377477178821,NA,NA,27.7847747802734,-11.3820099833043,NA,NA,4,-0.0332999974489212
"689",45.5,NA,0.878142855501041,NA,NA,46.5767822265625,NA,0,6345.57,1,0
"690",NA,1.7,0.783145696154413,0.3,NA,46.5273170471191,NA,0,6420.81,1,0
"691",NA,1.8,0.394848220019211,0.4,3,46.4841079711914,NA,0,6769.71,1,0
"692",NA,1.9,0.82683051373246,0.4,3,46.4277153015137,NA,0,7140.74,1,0
"693",NA,2,0.70683583749319,0.4,3.8,46.333324432373,NA,0,7404.7,1,0
"694",55.7,2.7,0.520898016197602,0.4,3.6,46.1848030090332,NA,0,7662.66,1,0
"695",NA,3,0.821634266741468,0.4,3.9,45.9790344238281,NA,0,7772.84,1,0
"696",48.45,3.2,0.399754206737966,0.5,3.8,45.7218055725098,NA,0,7791.16,1,0
"697",NA,3.2,0.642000946994551,0.5,3.1,45.4172782897949,NA,0,8250.13,1,0
"698",NA,3.2,0.990037765110382,0.5,3.1,45.0714569091797,NA,0,8824.18,1,0
"699",NA,3.1,1.07534170326855,0.4,3.2,44.6875495910645,NA,0,9398.5,1,0
"700",NA,3.6,1.23079124302735,0.3,3,44.2713394165039,NA,0,9993.39,1,0
"701",NA,3.4,1.09428432181255,0.4,3.1,43.8203926086426,NA,0,9526.85,1,0
"702",NA,2.6,1.47245614993964,0.3,2.6,43.3217163085938,NA,0,8794.68,1,0
"703",45.2,2.5,0.877971307484321,0.3,2.3,42.7596549987793,NA,0,8907.99,1,0
"704",NA,4.2,1.0754955758216,0.3,2.2,42.1289215087891,NA,0,9000.17,1,0
"705",NA,3.9,1.57292721752005,3,2.4,41.4291725158691,NA,0,8437.4,1,0
"706",NA,3.7,0.844124474196558,2.7,2.1,40.6780242919922,NA,0,8359.41,1,0
"707",NA,3.6,1.09804141341047,2.6,2,39.9103164672852,-15.6004916625356,0,8291.35,1,0
"708",51.675,3.9,1.24900750798917,2.8,2.1,39.1692161560059,NA,0,8490.05,1,0
"709",NA,4,0.970272193800885,2.9,2.3,38.4846611022949,-14.7521234728533,0,8788.96,1,0
"710",NA,4.3,1.50801121123804,3.3,2.8,37.8648452758789,-19.2754713150013,0,9028.51,1,0
"711",52.625,4.7,1.20816502137743,3.4,3,37.3031692504883,NA,0,9229.29,1,0
"712",NA,5.3,0.870897588724606,3.7,3.3,36.7943115234375,-22.4152430744872,0,9222.99,1,0
"713",51.9,5.4,2.08080967975905,3.8,3.4,36.3275680541992,NA,0,9487.96,1,0
"714",NA,4.9,2.77093951254487,3.6,3.2,35.8936042785645,-19.4323364876953,0,8618.65,3,-0.338000014424324
"715",53.28,5.4,2.31140018872671,3.4,3,35.4902381896973,-17.4801621068875,0,8922.18,3,-0.338000014424324
"716",NA,5.5,2.66979001631709,3.7,2.9,35.1159400939941,-19.3253008927115,0,9419.48,3,-0.338000014424324
"717",53.45,5.8,2.54113618076176,3.9,3,34.7622566223145,-15.3936345039307,0,9765.53,3,-0.227999992668629
"718",NA,5.6,2.39542510357774,2.1,3.3,34.4193572998047,-16.5462032265374,0,10020.3,3,-0.227999992668629
"719",50.7,4.9,2.64902535955329,2.6,3.2,34.0790367126465,-14.4646867511795,0,10570.1,3,-0.227999992668629
"720",NA,5.2,4.12041182260956,2.7,2.3,33.7373924255371,-14.2345296713538,0,10430.2,4,-0.364000007510185
"721",50.1,5.3,3.22729408557748,2.7,2.6,33.3913917541504,-14.3236029086503,NA,10381.5,4,-0.364000007510185
"722",NA,5.8,2.60122089391337,2.8,2.1,33.0354995727539,-13.2138576406356,NA,10382.6,4,-0.364000007510185
"723",47.4,5.4,3.22232721705281,3,2.2,32.6645927429199,-12.8248063147721,NA,10681.8,4,-0.264999993145466
"724",49,5.5,2.85575033267949,3,2.1,32.2753753662109,-11.529809126788,NA,11964.8,4,-0.264999993145466
"725",47,NA,2.16098079130027,3,NA,31.8680267333984,-10.9393841488925,NA,12418.5,4,-0.264999993145466
"726",NA,NA,2.00221192069843,NA,NA,31.4429416656494,-10.1799395959411,NA,12696.9,4,-0.168350011110306
"727",47.5,NA,2.6099252517984,NA,NA,30.9983310699463,-9.80900791607502,NA,12751.5,4,-0.168350011110306
"728",NA,NA,2.00899405715866,NA,NA,30.532247543335,-9.97652949665321,NA,11629.6,4,-0.168350011110306
"729",46.6,NA,2.46260896228303,NA,NA,30.0446815490723,-9.63972640096847,NA,NA,4,-0.301000013947487
"730",NA,NA,2.01931990022016,NA,NA,29.5352573394775,-10.0478066950042,NA,NA,4,-0.301000013947487
"731",NA,NA,1.52817323696312,NA,NA,29.0085067749023,NA,NA,NA,4,-0.301000013947487
"732",NA,2.3,1.92660919096648,0.7,NA,48.1130599975586,NA,0,3669.24,1,0
"733",NA,2.4,1.60517527143037,1,2.6,47.8545150756836,NA,0,3713.17,1,0
"734",NA,2.5,1.13821317400098,0.6,2.4,47.6164093017578,NA,0,3484.16,1,0
"735",NA,2.3,1.20779575635245,0.7,1.7,47.4110679626465,NA,0,3953.7,1,0
"736",NA,2.2,0.907059280633592,1,2.4,47.2489624023438,NA,0,4355.61,1,0
"737",NA,2.5,0.689175536497434,1.5,2.9,47.1347541809082,NA,0,4017.02,1,0
"738",NA,2.7,0.702270129438571,1.2,2,47.0683784484863,NA,0,4089.93,1,0
"739",NA,2.7,0.449034601125266,0.9,1.5,47.0436325073242,NA,0,4554.42,1,0
"740",NA,2.3,0.32899375239773,0.9,1.5,47.0502853393555,NA,0,3817.64,1,0
"741",NA,2.5,0.178616996216183,2.1,3.9,47.075553894043,NA,0,2367.08,1,0
"742",NA,3.5,0.584495327011691,4.4,1.4,47.1080474853516,NA,0,3067.03,1,0
"743",NA,4.2,-0.0012122680425012,4.6,NA,47.145206451416,NA,0,3242.66,1,0
"744",NA,4.2,0.406056923456758,4.4,NA,47.1809730529785,NA,0,3132.41,1,0
"745",NA,5.5,0.0036322690022587,4.8,NA,47.1980361938477,NA,0,3350.91,1,0
"746",NA,6.3,0.238787681223334,4.3,NA,47.1767311096191,NA,0,3389.37,1,0
"747",NA,6.6,-0.0003726198994302,5,NA,47.1039237976074,NA,0,3279.88,3,0.218750044703484
"748",NA,5.5,0.0020791461683545,5.3,NA,46.9739685058594,NA,0,3230.04,3,0.218750044703484
"749",NA,5.1,0.0625778958849745,4.6,NA,46.7893714904785,NA,0,3167.9,3,0.218750044703484
"750",NA,3.4,-0.0034208824634121,4.2,NA,46.556022644043,NA,0,2478.06,3,0.218750044703484
"751",NA,2.7,0.276356309607526,4.4,NA,46.2836761474609,NA,0,2220.07,3,0.218750044703484
"752",NA,5.1,0.0663724171950271,5.1,3,45.979736328125,NA,0,2178.54,3,0.217391300946474
"753",NA,4.1,2.82105613029207,4.4,6,45.6498413085938,NA,0,2000.45,3,0.217391300946474
"754",NA,4.3,0.836680053547523,4.3,4.5,45.2924346923828,NA,0,1910.95,3,0.217391300946474
"755",54,4.1,2.20899572593787,4.1,4.5,44.8995590209961,NA,0,1796.55,3,0.217391300946474
"756",NA,4,1.20884706688642,4.6,2.9,44.4594345092773,-19.1484953835621,0,1804.24,3,0.217391300946474
"757",NA,4.1,2.14709924235654,4.7,NA,43.9653701782227,-18.4679629324109,0,1857.29,3,0.217391300946474
"758",NA,4.5,2.78528780163945,4.4,NA,43.4144477844238,-17.4613559200782,0,1909.42,3,0.217391300946474
"759",NA,4.7,4.63329371917175,4.1,NA,42.8150863647461,-19.8411989749649,0,1905.6,3,-0.344086054712534
"760",52,5,4.70738771716532,3.8,NA,42.1842803955078,-20.9761870318509,0,1924.68,3,-0.344086054712534
"761",NA,4.7,6.94644970538072,5.4,NA,41.5438804626465,-23.5961969453312,0,2023.38,3,-0.344086054712534
"762",NA,3.9,5.21799162791215,3.1,NA,40.9090309143066,-23.9653065411088,0,2072.46,3,-0.344086054712534
"763",48,3.8,2.82163938464015,2.8,NA,40.2855682373047,-25.1279272304301,0,2074.71,3,-0.344086054712534
"764",NA,3.1,3.90298020611461,3.1,NA,39.6689224243164,NA,NA,2049.45,3,-0.0499499943107367
"765",NA,3.1,3.78210161257557,3.5,NA,39.0515174865723,-13.5620895974058,NA,2064.57,3,-0.0499499943107367
"766",NA,4.5,4.31364089201154,3.2,NA,38.4224319458008,-13.0313950801342,NA,2131.1,3,-0.0499499943107367
"767",50,4.9,3.81331520872971,3.5,NA,37.7762107849121,-11.242846681961,NA,2055.9,3,-0.0499499943107367
"768",NA,NA,4.22616488431431,NA,NA,37.1134147644043,-11.6174613547071,NA,2082.44,3,-0.0499499943107367
"769",NA,NA,5.11792316894246,NA,NA,36.4422302246094,-11.5284144845442,NA,2113.03,3,-0.0274999886751175
"770",NA,NA,7.37335222841989,NA,NA,35.7744903564453,-10.8401625072807,NA,2158.63,3,-0.0274999886751175
"771",NA,NA,5.18093176286994,NA,NA,35.1255531311035,NA,NA,2191.36,3,-0.0274999886751175
"772",NA,NA,5.68346480794611,NA,NA,34.5068855285645,-14.8319934114489,NA,NA,3,-0.0274999886751175
"773",NA,NA,9.77817391551276,NA,NA,33.9208374023438,NA,NA,NA,3,-0.0274999886751175
"774",NA,NA,7.55851535507671,NA,NA,33.3661727905273,NA,NA,NA,3,0.184800013899803
"775",57,4.2,NA,NA,NA,44.0731773376465,NA,0,3442.25,1,0
"776",NA,3.8,NA,NA,NA,43.9110908508301,NA,0,3583.19,1,0
"777",42.6,4,NA,NA,NA,43.7152671813965,NA,0,3589.1,1,0
"778",NA,3.7,NA,4.1,2.5,43.482852935791,NA,0,3815.13,1,0
"779",NA,4.1,NA,4.2,2.5,43.2107048034668,NA,0,3668.43,1,0
"780",NA,3.9,NA,4.6,3,42.8977279663086,NA,0,3899.75,1,0
"781",NA,3.8,NA,4.2,3.9,42.5450248718262,NA,0,3966.04,1,0
"782",NA,3.9,0.524694313810322,4.5,3.8,42.156810760498,NA,0,4179.35,1,0
"783",NA,4.5,-0.101502230513137,4.5,2.9,41.7392387390137,NA,0,4336.24,1,0
"784",48.9,5,1.76652129210246,4.6,3.8,41.2988891601563,NA,0,4392.01,1,0
"785",47.5,4.5,5.73445661020129,3.9,3.2,40.8418922424316,NA,0,5274.42,1,0
"786",NA,4.4,7.0303985972407,4.1,2.9,40.3712730407715,NA,0,5610.96,1,0
"787",NA,4.6,7.69408358063676,4.4,2.8,39.8887825012207,-19.9676645114839,0,5832.84,1,0
"788",NA,4.9,1.62309123406856,4.9,3.3,39.396125793457,-19.9870298411172,0,5406.32,1,0
"789",NA,4.9,-2.65358478852511,5.2,3.5,38.895206451416,-20.3421582444131,0,5429.48,1,0
"790",NA,4.9,1.24583487597186,4.6,3.8,38.3877029418945,-21.2038137691927,0,5759.31,1,0
"791",NA,4.9,0.361615333915243,4.6,4.1,37.8763694763184,-19.7997854796672,0,5893.87,1,0
"792",NA,5.2,-9.8699962754731,5.2,4,37.3645935058594,-17.6131888429378,0,5873.38,1,0
"793",NA,5.4,-12.2084316340137,5.3,5.4,36.8568153381348,-20.8802686861941,0,5340.16,1,0
"794",53,5,1.05370843989769,4.8,5.3,36.3574981689453,-19.3923336520639,0,5322.36,1,0
"795",NA,4.1,2.55025220206278,4.2,4.8,35.8706207275391,NA,0,5619.29,3,-0.679104559123516
"796",54,4.1,1.85714530236379,4.7,5.3,35.396671295166,-17.3441020148635,0,6268.63,3,-0.679104559123516
"797",NA,4.3,2.17574607763423,4.3,4.9,34.9370422363281,-17.9219061574865,0,6316.5,3,-0.679104559123516
"798",NA,4.1,2.33843947771174,4.4,5,34.4969749450684,-15.0484174629323,0,6327.54,3,-0.679104559123516
"799",NA,4,5.19142993832348,4.1,5,34.0828323364258,-12.0089785462228,0,6295.47,4,-0.679104559123516
"800",53,4.1,2.82060687317387,5,5.2,33.697811126709,-12.8814204260308,0,6361.12,4,-0.0833333455957472
"801",55.4,4.5,4.45715021293485,5,5,33.3431739807129,-12.6282596995626,0,6278.26,4,-0.0833333455957472
"802",55,4.7,12.8847679492265,4.3,4.8,33.015625,-11.2998255840758,0,6513.67,4,-0.0833333455957472
"803",53,5,11.0048021952892,4.4,4.8,32.7089080810547,-10.3514085225719,0,6763.71,4,-0.0833333455957472
"804",52,4.7,6.59549767376901,4.1,4.3,32.4145660400391,-10.4197321538338,0,6848.76,4,-0.0833333455957472
"805",53,5,5.36896002753754,4.1,5,32.1263618469238,-9.763669285146,0,6968.84,4,-0.105633774772286
"806",54,4.3,3.95596019479144,4.5,5.1,31.8415203094482,-14.0703613195064,0,6894.55,4,-0.105633774772286
"807",54,4.4,0.803428832176265,3.6,5,31.5597858428955,-13.5569325425578,NA,6919.77,4,-0.105633774772286
"808",54,4.4,6.32094145300467,3.7,6,31.2809009552002,-13.3497815311633,NA,6943.88,4,-0.105633774772286
"809",53,3.8,7.18723773387967,3.4,6,31.0051803588867,-11.2679948136849,NA,7426.23,4,-0.0320499888621271
"810",52,NA,7.14142531054595,3.2,NA,30.7321090698242,-12.3208202924655,NA,7819.6,4,-0.0320499888621271
"811",53,NA,17.1342708758825,3.1,NA,30.461784362793,-12.9737470315434,NA,8356.86,4,-0.0320499888621271
"812",NA,NA,9.57963062035138,NA,NA,30.1914844512939,-13.2219772556324,NA,9296.57,4,-0.0320499888621271
"813",NA,NA,9.86416974762899,NA,NA,29.9150981903076,-12.9993977824653,NA,10120.2,4,-0.0320499888621271
"814",49,NA,4.18706195925956,NA,NA,29.6252937316895,-13.4225843217926,NA,10196.1,4,-0.161949999630451
"815",49,NA,8.84671046466833,NA,NA,29.3175220489502,-13.644603604692,NA,NA,4,-0.161949999630451
"816",NA,NA,8.83544717332082,NA,NA,28.6485404968262,-13.2267157414812,NA,NA,4,-0.161949999630451
"817",NA,3.2,0.865955329769019,0.9,NA,46.1251411437988,NA,0,2078.35,1,0
"818",NA,3.3,1.16575513449037,0.9,NA,45.7405967712402,NA,0,2117.07,1,0
"819",NA,3.5,0.499217165860791,1,0.1,45.3321647644043,NA,0,2221.53,1,0
"820",NA,3.7,1.03445516052418,0.9,0,44.9130744934082,NA,0,2306.97,1,0
"821",NA,3.4,1.97195946311029,0.8,0,44.4996109008789,NA,0,2415.87,1,0
"822",NA,3.5,1.80488137166773,0.9,0,44.1042327880859,NA,0,2528.06,1,0
"823",NA,3.4,1.42781093787443,1.1,0,43.7319221496582,NA,0,2619.39,1,0
"824",NA,3.1,1.13472753944422,0.9,0,43.3836097717285,NA,0,2799.04,1,0
"825",NA,2.6,1.04666190814198,1,0,43.0624046325684,NA,0,3071.69,1,0
"826",NA,2.5,1.60121264515556,1,NA,42.770076751709,NA,0,3553.25,1,0
"827",NA,2.5,0.774150600905199,0.8,NA,42.5081481933594,NA,0,3737.58,1,0
"828",NA,2.5,0.611167683915329,0.8,NA,42.2737236022949,NA,0,3852.8,1,0
"829",NA,2.6,0.722256756012533,0.8,NA,42.0665054321289,NA,0,3695.64,1,0
"830",45.1,3.1,0.0935572909126273,0.9,NA,41.8916511535645,NA,0,3508.14,1,0
"831",NA,3.1,0.127851380202789,0.9,NA,41.7550621032715,NA,0,3528.35,1,0
"832",NA,3,0.0235989471604596,1,NA,41.6568641662598,NA,0,3613.64,1,0
"833",NA,2.9,0.0174432985265924,1,NA,41.594425201416,NA,0,3505.35,1,0
"834",NA,2.7,0.140274118591785,1,NA,41.5562324523926,NA,0,3511.33,1,0
"835",NA,2.6,0.205749929021154,1,NA,41.5233001708984,NA,0,3726.92,1,0
"836",NA,2.6,0.278262646908358,1,NA,41.4731178283691,NA,0,3943.54,1,0
"837",39,2.5,1.35025949728672,1,1,41.3894996643066,NA,0,3793.47,3,-0.659722176846117
"838",NA,2.4,1.23275295521446,1,1.3,41.2706718444824,15.8140163903422,0,3727.6,3,-0.659722176846117
"839",NA,2.5,1.6416520732943,1.1,2.3,41.117115020752,13.9225212384648,0,3617.44,3,-0.659722176846117
"840",NA,2.6,1.03454930934975,1.1,2.1,40.9197654724121,16.1840645267317,0,3678.17,3,-0.659722176846117
"841",50,2.3,1.74184106915455,1,2.1,40.6693115234375,15.7434736686998,0,3499.93,3,-0.418749995529652
"842",56,2.3,1.1388049509968,1,2.5,40.3615798950195,-19.9909323862082,0,3575.52,3,-0.418749995529652
"843",NA,2.4,1.5262977216056,1.2,2.6,39.9946365356445,NA,0,3525.36,3,-0.418749995529652
"844",55,2.5,2.36622844190255,1.2,2.6,39.5755195617676,-9.9825284865182,0,3559.64,3,-0.418749995529652
"845",56.7,2.5,3.7885472140193,1.2,2.6,39.119945526123,-11.9897013932846,0,3531.49,3,-0.418749995529652
"846",55,2.4,1.12599869350707,0.9,2.5,38.6478996276855,-14.0258067844777,0,3501.01,3,-0.512499999254942
"847",NA,2.9,1.27013282062662,1.2,3.2,38.1738014221191,-16.0841451175417,0,3396.47,4,-0.512499999254942
"848",53,2.9,1.09884444063598,1.1,0.9,37.7032585144043,-17.1495641659075,0,3419.47,4,-0.512499999254942
"849",55,3,0.15809897342122,1.4,3.3,37.2350730895996,-19.3776074023822,NA,3382.16,4,-0.512499999254942
"850",55,3.1,0.415901155789785,1.1,2.7,36.7679023742676,-14.2195212960221,NA,3460,4,-0.574999975971878
"851",52,3.2,0.469001433674417,1.1,2.3,36.2983131408691,-12.9175088873858,NA,3541.5,4,-0.574999975971878
"852",51,3.1,0.0835751727311537,1.1,2.5,35.8249855041504,-12.8396325383939,NA,3554.5,4,-0.574999975971878
"853",52,2.8,1.76139341780827,1.7,2.4,35.3485679626465,-12.1077412287252,NA,3619.96,4,-0.574999975971878
"854",52,NA,0.761150333860693,NA,NA,34.8739356994629,-8.2736760450098,NA,3785.58,4,-0.574999975971878
"855",50,NA,1.40995561143291,NA,NA,34.4086647033691,-2.9545609029302,NA,3895.48,4,-0.387500002980232
"856",49,NA,0.308225352600453,NA,NA,33.962043762207,-10.5830425805657,NA,3704.76,4,-0.387500002980232
"857",50,NA,1.71787768261308,NA,NA,33.5403022766113,-4.272775825027,NA,NA,4,-0.387500002980232
"858",NA,NA,1.7859806864519,NA,NA,33.1455459594727,-4.1241625438235,NA,NA,4,-0.387500002980232
"859",NA,NA,2.02226315129356,NA,NA,32.7756500244141,-9.0926013289739,NA,NA,4,-0.387500002980232
"860",59.4,1.6,-0.192947149965253,2,NA,44.0019607543945,NA,1,5138.52,1,0
"861",55,1.6,-0.0399020203207145,2,NA,43.8937034606934,NA,1,5229.34,1,0
"862",57,1.5,0.674209446472275,0.2,2.3,43.763240814209,NA,1,5196.75,1,0
"863",NA,1.5,0.893500972300656,1.2,2,43.6103057861328,NA,1,5439.06,1,0
"864",NA,1.3,0.462324574180365,1,1.9,43.4340019226074,NA,1,5831.43,1,0
"865",NA,1.5,0.494138369002012,1,2.2,43.2340660095215,NA,1,5849.43,1,0
"866",NA,1.4,0.46322264111272,1,2.2,43.0128746032715,NA,1,5746.28,1,0
"867",NA,1.5,0.38015605134776,0.4,2.1,42.7720184326172,NA,1,5551.5,1,0
"868",NA,1.6,0.205556723228922,0.6,2,42.5098724365234,NA,1,5260.11,1,0
"869",NA,1.3,0.456807829381502,0.4,2.2,42.2240219116211,NA,1,5377.04,1,0
"870",NA,1.3,0.152359494369888,0.4,1.8,41.9138031005859,NA,1,5590.85,1,0
"871",57,1.3,0.593146066595192,0.4,2.2,41.5784492492676,NA,1,5773.51,3,-0.0722221937030554
"872",NA,1.4,0.226238914881439,0.5,3.7,41.2214965820313,NA,1,5620.63,3,-0.0722221937030554
"873",NA,0.8,0.225042907583305,0.8,3.9,40.8514442443848,NA,1,4754.09,3,-0.0722221937030554
"874",NA,1.3,-0.519466321313198,0.9,3.5,40.4788703918457,NA,1,4794.79,3,-0.0722221937030554
"875",NA,1.2,0.0062073244862686,0.7,2.9,40.1105537414551,NA,1,4766.12,3,0.500000021886081
"876",31,1.1,0.148247974691598,0.4,2.5,39.750114440918,NA,1,5242.95,3,0.500000021886081
"877",NA,1.1,0.158782662214416,0.4,2.3,39.3945770263672,NA,1,5656.33,3,0.500000021886081
"878",NA,1,0.172987366832559,0.3,NA,39.036247253418,NA,1,5086.58,3,0.500000021886081
"879",NA,1,0.269370279910329,0.3,1.3,38.6646308898926,NA,1,4230.1,3,0.500000021886081
"880",NA,1.1,0.159470653132262,0.3,1.1,38.2734146118164,NA,1,4003.02,3,0.00833334773778915
"881",46.4,1.9,-0.0205951042265078,0.5,1.8,37.8610382080078,NA,1,4026.85,3,0.00833334773778915
"882",NA,2.6,-0.223727462632889,1.3,2.3,37.4322280883789,NA,1,3925,1,0
"883",NA,2.8,2.22137285320432,1.4,2.3,36.9946136474609,NA,1,4039.07,1,0
"884",49.35,2.9,7.52333338966252,1.2,1.9,36.5583419799805,NA,1,4502.4,1,0
"885",NA,3.3,4.91276686229218,1.3,2.3,36.1303443908691,NA,1,4802.59,3,-0.391666592098773
"886",NA,3.9,6.42832567190474,1.2,2.1,35.7127532958984,NA,1,4818.8,3,-0.391666592098773
"887",51,4,3.75840063045759,1.2,2.6,35.3033027648926,NA,1,5074.69,3,-0.391666592098773
"888",54,3.8,3.01513093992817,1.3,2.9,34.8988342285156,NA,1,4952.19,3,-0.391666592098773
"889",54,4.5,3.93446195334921,1.3,2.7,34.4943733215332,NA,1,4904.74,3,-0.391666592098773
"890",49,4.8,1.58962807514778,1.4,3.6,34.0863876342773,NA,1,5024.34,3,-0.391666606068611
"891",51,3.8,2.21789427105434,1.6,4.2,33.673511505127,NA,1,4965.06,3,-0.241549994796515
"892",53,4.8,3.95911507452504,1.6,4.4,33.2570953369141,NA,NA,5159.42,4,-0.241549994796515
"893",52,4,2.26141715356706,1.5,5.3,32.8393936157227,NA,NA,5306.13,4,-0.241549994796515
"894",47,3.7,2.39627009923508,1.6,4.2,32.4237251281738,NA,NA,5527.19,4,-0.241549994796515
"895",48,3.9,3.43995213012574,1.5,4.2,32.0121917724609,NA,NA,5837.73,4,-0.241549994796515
"896",47,4.2,3.93988054804178,1.5,3.7,31.6059341430664,NA,NA,6231.12,4,-4.99933958053589e-05
"897",48,NA,5.37421872983808,NA,NA,31.2036476135254,-20.8880180895877,NA,6752.79,4,-4.99933958053589e-05
"898",46,NA,5.69512471320449,NA,NA,30.8026542663574,NA,NA,7375.33,4,-4.99933958053589e-05
"899",46,NA,5.30580259368743,NA,NA,30.3997955322266,NA,NA,7279.81,4,-4.99933958053589e-05
"900",45,NA,5.6924774939338,NA,NA,29.9939270019531,NA,NA,NA,4,-4.99933958053589e-05
"901",NA,NA,4.49387649015485,NA,NA,29.5853633880615,NA,NA,NA,4,-0.138499990105629
"902",NA,NA,6.18692287712229,NA,NA,29.1770610809326,NA,NA,NA,4,-0.138499990105629
"903",NA,NA,-2.02306291725672,NA,NA,48.3893852233887,NA,1,7103.93,0,0
"904",NA,2.6,-2.51246997967855,2.9,1.5,48.4810791015625,NA,1,7243.65,0,0
"905",NA,4.4,1.04659248956884,3,1.7,48.6033821105957,NA,1,7697.99,0,0
"906",NA,4.8,4.65116279069767,3.3,2.1,48.6225471496582,NA,1,7674.01,0,0
"907",NA,5.8,2.02116115029842,3.1,1.9,48.3509216308594,NA,1,7816.52,0,0
"908",NA,5.7,0.249462365591397,3,2.7,47.6624717712402,NA,1,7686.81,0,0
"909",NA,7.1,0.20969337289812,3.9,2.8,46.4924926757813,NA,1,8706.87,4,-0.228974357247353
"910",NA,NA,-3.52574102964118,NA,NA,44.9183158874512,NA,1,9299.79,4,-0.228974357247353
"911",NA,NA,-1.8354860639021,NA,NA,43.1323776245117,NA,1,9736.05,4,-0.5
"912",NA,5,-3.49936143039591,0.4,NA,41.3988304138184,NA,1,9292.61,4,-0.5
"913",NA,3,2.27701597685243,0.5,NA,39.9041633605957,NA,1,8689.94,1,0
"914",NA,5,6.93999212642708,0.4,NA,38.7132225036621,NA,1,9576.55,1,0
"915",NA,3,-1.2129159154237,0.4,NA,37.780345916748,-7.39704769114308,1,9301.92,1,0
"916",NA,5,9.22363060208239,0.3,NA,37.0443725585938,8.23598130841121,1,8714.7,1,0
"917",NA,5.2,-8.20459410981889,0.1,NA,36.4010734558105,8.88257825914674,1,8567.27,1,0
"918",NA,NA,2.43916404237045,NA,NA,35.7783279418945,9.1269587464023,1,9805.2,1,0
"919",NA,9.1,-6.77890011223344,NA,3.2,35.1676330566406,0.92472506234156,1,9564.25,1,0
"920",NA,NA,-13.2265142623871,NA,NA,34.601863861084,11.2173148758514,1,8754.75,1,0
"921",NA,NA,-14.7299509001636,NA,NA,34.0939750671387,10.9314389867738,1,9522.64,3,-0.245980339124799
"922",NA,NA,-55.242203052422,NA,NA,33.6636276245117,9.79020979020979,1,9350.9,3,-0.245980339124799
"923",NA,NA,-19.7785217615245,NA,NA,33.3176002502441,5.00529521153446,1,8734.87,3,-0.245980339124799
"924",NA,NA,4.12670086995315,NA,NA,33.0560150146484,NA,1,9236.8,4,-0.323529414832592
"925",NA,4.6,-13.4206623826001,1.4,NA,32.8586082458496,7.06643387354396,1,8953.16,4,-0.323529414832592
"926",NA,3.5,-10.867686398244,3.3,NA,32.6878395080566,14.6910739191073,1,7627.16,4,-0.323529414832592
"927",NA,2,-4.98767501478998,0.6,NA,32.4975357055664,10.9072046878134,1,6652.15,4,-0.323529414832592
"928",NA,4.3,-2.96842551388005,1.3,NA,32.2576293945313,7.97544374460777,1,6918.72,4,-0.323529414832592
"929",NA,4,2.21930208366535,1.5,NA,31.9527130126953,10.4896612191372,1,8012.16,4,-0.362745091319084
"930",NA,2.9,-0.989664993021248,0.9,NA,31.596061706543,7.40313818684486,1,8788.62,4,-0.362745091319084
"931",NA,NA,0.962962962962963,NA,NA,31.2233428955078,4.03495536540104,1,9310.3,4,-0.362745091319084
"932",62,NA,-6.94566647668625,NA,NA,30.8849124908447,3.65583413274188,1,6474.25,4,-0.362745091319084
"933",NA,NA,-16.5888709530873,1.29,NA,30.6119117736816,NA,1,6523.14,4,-0.339999996125698
"934",NA,NA,-3.51030900921432,0.98,NA,30.411018371582,NA,1,6897.1,4,-0.339999996125698
"935",NA,NA,-6.82491235062119,1.18,NA,30.2635498046875,NA,NA,6903.66,4,-0.339999996125698
"936",NA,NA,-5.98648794558158,0.9,NA,30.1460151672363,NA,NA,7433.9,4,-0.339999996125698
"937",NA,NA,-2.51332036478538,1.83,NA,30.0256996154785,-2.20936914849949,NA,7331.52,4,-0.339999996125698
"938",NA,NA,1.55556734693877,1.93,NA,29.8779029846191,NA,NA,9283.11,4,-0.294099994003773
"939",NA,NA,-6.22217041354426,1.47,NA,29.6997547149658,NA,NA,9451.01,4,-0.294099994003773
"940",NA,NA,-8.40083736509118,NA,NA,29.4945659637451,NA,NA,10172.2,4,-0.294099994003773
"941",NA,NA,-6.54973190348525,NA,NA,29.253625869751,NA,NA,10489.7,4,-0.294099994003773
"942",NA,NA,-2.41006768189509,NA,NA,28.9690170288086,NA,NA,10643.5,4,-0.294099994003773
"943",NA,NA,-5.67027082464771,NA,NA,28.6370391845703,NA,NA,NA,4,-0.303950008004904
"944",NA,NA,3.28470198271601,NA,NA,28.2557601928711,NA,NA,NA,4,-0.303950008004904
"945",NA,NA,2.48051062457837,NA,NA,27.8304195404053,NA,NA,NA,4,-0.303950008004904
"946",NA,NA,NA,NA,NA,NA,NA,NA,NA,4,0.5
"947",NA,NA,NA,NA,NA,NA,NA,NA,NA,4,0.5
"948",NA,NA,NA,NA,NA,NA,NA,NA,NA,4,0.5
"949",NA,NA,NA,NA,NA,NA,NA,NA,NA,4,0.5
"950",NA,NA,NA,NA,NA,NA,NA,NA,NA,4,0.5
"951",NA,NA,NA,NA,NA,NA,NA,NA,NA,4,0.5
"952",NA,NA,NA,NA,NA,NA,NA,NA,NA,4,0.5
"953",NA,NA,NA,NA,NA,NA,NA,NA,NA,4,0.472222208976746
"954",NA,NA,NA,NA,NA,NA,NA,NA,NA,4,0.472222208976746
"955",NA,NA,NA,NA,NA,NA,NA,NA,NA,4,0.472222208976746
"956",NA,NA,NA,NA,NA,NA,NA,NA,NA,4,0.472222208976746
"957",NA,NA,NA,NA,NA,NA,NA,NA,NA,4,0.472222208976746
"958",NA,NA,NA,NA,NA,NA,NA,NA,NA,4,0.472222208976746
"959",NA,NA,NA,NA,NA,NA,NA,NA,NA,4,0.472222208976746
"960",NA,NA,NA,NA,NA,NA,NA,NA,NA,4,0.472222208976746
"961",NA,NA,NA,NA,NA,NA,NA,NA,NA,4,0.472222208976746
"962",NA,NA,NA,NA,NA,NA,NA,NA,NA,4,0.472222208976746
"963",NA,NA,NA,NA,NA,NA,NA,NA,NA,4,0.0416666492819786
"964",NA,NA,NA,NA,NA,NA,NA,NA,NA,4,0.0416666492819786
"965",NA,NA,NA,NA,NA,NA,NA,NA,NA,4,0.0416666492819786
"966",NA,NA,NA,NA,NA,NA,NA,NA,NA,4,0.0416666492819786
"967",NA,NA,NA,NA,NA,NA,NA,NA,NA,4,0.0416666492819786
"968",NA,NA,NA,NA,NA,NA,NA,NA,NA,4,0.472222208976746
"969",NA,NA,NA,NA,NA,NA,NA,NA,NA,4,0.472222208976746
"970",NA,NA,NA,NA,NA,NA,NA,NA,NA,4,0.472222208976746
"971",NA,NA,NA,NA,NA,NA,NA,NA,NA,4,0.472222208976746
"972",NA,NA,NA,NA,NA,NA,NA,NA,NA,4,0.472222208976746
"973",NA,NA,NA,NA,NA,NA,NA,NA,NA,4,0.472222208976746
"974",NA,NA,NA,NA,NA,NA,NA,NA,NA,4,0.472222208976746
"975",NA,NA,NA,NA,NA,NA,NA,NA,NA,4,0.472222208976746
"976",NA,NA,NA,NA,NA,NA,NA,NA,NA,4,0.472222208976746
"977",NA,NA,NA,NA,NA,NA,NA,NA,NA,4,0.472222208976746
"978",NA,NA,NA,NA,NA,NA,NA,NA,NA,4,0.5
"979",NA,NA,NA,NA,NA,NA,NA,NA,NA,4,0.5
"980",NA,NA,NA,NA,NA,NA,NA,NA,NA,4,0.5
"981",NA,NA,NA,NA,NA,NA,NA,NA,NA,4,0.5
"982",NA,NA,NA,NA,NA,NA,NA,NA,NA,4,0.5
"983",NA,NA,NA,NA,NA,NA,NA,NA,NA,4,0.5
"984",NA,NA,NA,NA,NA,NA,NA,NA,NA,4,0.5
"985",NA,NA,NA,NA,NA,NA,NA,NA,NA,4,0.5
"986",NA,NA,NA,NA,NA,NA,NA,NA,NA,4,0.5
"987",NA,NA,NA,NA,NA,NA,NA,NA,NA,4,0.5
"988",NA,NA,NA,NA,NA,NA,NA,NA,NA,4,0.5
"989",NA,3.6,0.0996611550913523,NA,NA,27.8948497772217,NA,0,4864.5,4,0.111111148260534
"990",NA,NA,-0.0295653248034748,NA,NA,27.8662261962891,NA,0,4892.63,4,0.111111148260534
"991",NA,2.5,-0.0520666159028432,0.5,12.8,27.8447494506836,NA,0,4752.07,4,-0.0202019959688187
"992",NA,2.7,0.0350629749852855,1.1,9.6,27.8168640136719,NA,0,4759.44,2,0
"993",NA,3.1,-0.0019558694849377,1.5,12.1,27.7638168334961,NA,0,4881.9,2,0
"994",NA,2.6,0.639856696102398,0.9,10.4,27.6738300323486,NA,0,5212.05,2,0
"995",45,2.6,0.0858975047065429,0.9,12,27.5392093658447,NA,0,5432.56,2,0
"996",NA,2.7,1.60401883104622,0.9,10.1,27.3692455291748,NA,0,5538.52,2,0
"997",NA,1.8,2.62308136065314,1.2,10.7,27.1893882751465,NA,0,5843.77,2,0
"998",NA,1.9,3.00089950053705,0.9,8.2,27.0340366363525,NA,0,6296.51,2,0
"999",42.4,1.9,2.84856269793067,1.7,10.6,26.9251499176025,NA,0,6637.18,2,0
"1000",43.6,1.9,0.439885264323091,2,12.9,26.8719596862793,NA,0,6632.52,2,0
"1001",41.5,2.3,-0.149256943621313,2.1,16.1,26.8622074127197,NA,0,5902,2,0
"1002",40.4,1.7,0.109754822668613,2,13.7,26.8705635070801,NA,0,5297.2,2,0
"1003",39.4,1.4,0.0700996030926314,2.1,12.2,26.8611297607422,14.6280284474872,0,5135.4,2,0
"1004",41.2,1.6,-0.16694780559548,2.6,12,26.8088970184326,NA,0,5167.47,4,0.0252524968236685
"1005",39.2,1.8,0.629239613833301,3.2,12.4,26.708703994751,12.6518193616764,0,5659.85,4,0.0252524968236685
"1006",38.4,1.9,0.680014106402734,2.7,12.5,26.5696220397949,13.7118637265008,0,6190.98,4,0.0252524968236685
"1007",NA,2,0.569792560035943,2.9,12.2,26.3987426757813,12.043526292607,0,6109.06,4,0.0252524968236685
"1008",40,2,0.446737963915544,3.2,12.2,26.2080688476563,10.8975979241871,0,6096.19,4,0.0252524968236685
"1009",NA,1.9,0.446722403441274,3.1,11.7,26.0077285766602,9.20845767653623,0,6049.54,4,0.0606060512363911
"1010",NA,2,0.288590416893407,3.3,13.2,25.7965354919434,8.49783072201468,0,6384.37,4,0.0606060512363911
"1011",38,2.3,0.0877454726768734,3.2,14.5,25.575174331665,4.31564371126246,0,7071.69,4,0.0606060512363911
"1012",NA,2.5,0.67656993591285,3.4,13.7,25.3582992553711,3.46675776709441,0,7333.58,4,0.0606060512363911
"1013",NA,2.8,0.884141497195337,3.9,13.6,25.1636943817139,3.62533586637476,0,7881.73,4,0.0606060512363911
"1014",40,3.2,0.811497222313884,3.9,14.1,25.0027370452881,3.81611117309058,0,7749.91,4,0.181818202137947
"1015",41,3.1,0.66681400805839,3.8,14.1,24.8806114196777,NA,0,8158.99,4,0.181818202137947
"1016",41,3,0.527331393122716,3.6,14.2,24.7909145355225,NA,0,8570.89,4,0.181818202137947
"1017",42,3,0.646421114605058,2.7,15.8,24.7192230224609,4.0746643723093,0,9007.2,4,0.181818202137947
"1018",NA,3.4,0.981072955804022,2.9,16.8,24.6448650360107,2.87821014943946,0,8709.6,4,0.181818202137947
"1019",42,2.8,1.17682158182614,3.1,15.7,24.5525760650635,2.8629360564053,0,8502.23,4,0.108888901770115
"1020",44,3.2,1.4201537535127,3,15.8,24.4393196105957,2.31869317578687,0,8168.73,4,0.108888901770115
"1021",44,2.6,1.42394136328585,3.9,15.9,24.3073177337646,4.48545588573495,NA,6982.55,4,0.108888901770115
"1022",44,2.2,3.45691848346797,3.6,13.8,24.1530437469482,6.6429923041038,NA,7178.53,4,0.108888901770115
"1023",43.9,2.6,2.42847714139865,3.3,12.2,23.9742088317871,7.8758410490275,NA,8023.67,4,0.108888901770115
"1024",44,2.8,4.76088674023201,3.4,12.5,23.7706203460693,5.77254091571333,NA,8908.74,4,0.0354000143706799
"1025",45,2.9,7.70373030641072,3.8,NA,23.5407180786133,-0.368794250226101,NA,9277.88,4,0.0354000143706799
"1026",45,NA,5.80395276791779,NA,NA,23.2875537872314,-0.8111716831271,NA,9959.5,4,0.0354000143706799
"1027",44,NA,7.05380652282003,NA,NA,23.0218410491943,0.077702347858299,NA,10858.9,4,0.0354000143706799
"1028",44,NA,5.26107102910393,NA,NA,22.7579135894775,-1.48982199111804,NA,11069.2,4,0.0354000143706799
"1029",43,NA,5.63530313746461,NA,NA,22.5057849884033,-3.4854231462891,NA,NA,4,0.0253000035881996
"1030",NA,NA,5.69492278543966,NA,NA,22.2690448760986,0.0932733167080997,NA,NA,4,0.0253000035881996
"1031",NA,NA,5.43808306727621,NA,NA,22.0466041564941,NA,NA,NA,4,0.0253000035881996
"1032",NA,3.5,-0.17701682699025,1.7,1.5,45.6193161010742,NA,0,8934.12,4,0.107476640492678
"1033",62.2,3.3,1.45803237570303,1.7,1.2,45.2461433410645,NA,0,8965.5,4,0.107476640492678
"1034",NA,3.8,-2.36138376160182,1.7,1.5,44.8123092651367,NA,0,8881.09,4,0.107476640492678
"1035",NA,3.8,-0.431966934182683,1.4,1.6,44.3303413391113,NA,0,9466.08,4,0.107476640492678
"1036",NA,3.2,-1.47831857072606,1.1,1,43.8146362304688,NA,0,10609,4,0.167499996721745
"1037",NA,4.1,1.33065232659019,1.6,1.6,43.2787742614746,NA,0,10384.8,4,0.167499996721745
"1038",43.6,4.2,-2.45090500277314,1.6,1.7,42.7277183532715,NA,0,10855.6,4,0.167499996721745
"1039",42.4,4.3,-0.007085990889241,1.7,1.5,42.1712341308594,NA,0,11230.5,4,0.167499996721745
"1040",40.7,4.3,0.144062351190049,1.7,1.7,41.6300010681152,NA,0,11032.4,4,0.167499996721745
"1041",39.4,4.1,0.157845962849338,1.5,1.4,41.1252632141113,NA,0,10625.7,4,0.113065300974995
"1042",43.2,4.1,0.0819243305944585,1.3,1.7,40.6689949035645,-10.1981163587445,0,9697.81,4,0.113065300974995
"1043",41.9,4.8,0.243712388203601,1.2,2.1,40.2578926086426,-9.70301909197663,0,9390.04,4,0.113065300974995
"1044",42.2,4.6,0.335099460189801,1.7,2,39.8854598999023,-9.29717828797125,0,8959.87,4,0.113065300974995
"1045",42.5,4.7,0.109433549338391,1.6,1.8,39.5537414550781,-9.21260490232373,0,8037.29,4,0.113065300974995
"1046",52.1,4.3,0.0321702368410016,1.4,1.3,39.2652740478516,-10.5435116523527,0,8142.16,4,0.222500009462237
"1047",45.3,4.7,0.117371414196184,1.8,1.2,39.0183563232422,-9.89422189022988,0,7922.82,4,0.222500009462237
"1048",44.6,4.3,0.0271577198407316,2,1.5,38.8157386779785,-8.82572415707399,0,8229.82,4,0.222500009462237
"1049",43.4,4,0.0463128430542517,2,1.6,38.6462478637695,-7.71710791767438,0,8315.47,4,0.222500009462237
"1050",44.4,3.8,0.152323173637706,1.8,1.7,38.4793472290039,NA,0,8635.27,4,0.222500009462237
"1051",40,3.3,0.505430365936923,1.3,2.2,38.2779235839844,-7.10153488812811,0,7515.51,4,0.159204063937068
"1052",42.5,2.5,0.95901317226401,1.5,2.5,38.0183258056641,-7.93393361878505,0,7810.24,4,0.159204063937068
"1053",42.5,4.5,3.70353453297407,1.6,2.3,37.6939430236816,-7.02079700170888,0,8468.22,4,0.159204063937068
"1054",39,4.4,1.07575875434319,1.9,2,37.3149948120117,-6.37282557119025,0,8882.05,4,0.159204063937068
"1055",40.2,3.9,0.640192136959224,1.3,2,36.8960990905762,-5.81373902572049,0,8739.31,4,0.159204063937068
"1056",65.8,4.4,1.43817685690059,1.2,2,36.4579200744629,-8.53531015807195,0,8335.27,4,0.101990044116974
"1057",44,4.4,1.31528447571468,1,2.4,36.0149230957031,-7.97447918107899,0,8606.65,4,0.101990044116974
"1058",56,2.3,3.19813233231107,0.8,2.9,35.5715637207031,-9.00925279360476,0,8463.53,4,0.101990044116974
"1059",46,3.8,7.22528994066278,1.4,2.8,35.1243934631348,-5.87037737864195,0,8981.71,4,0.101990044116974
"1060",45,3.5,5.45771791543581,1.3,2.4,34.6705627441406,-4.57984053965818,0,8955.71,4,0.101990044116974
"1061",45,4.1,2.94975807402863,1.4,2.7,34.2052192687988,-5.47418265654304,0,8211.14,4,0.290689916349947
"1062",42,5,4.01288580858728,1.4,3,33.7266654968262,-6.38998210469028,0,8314.92,4,0.290689916349947
"1063",44,5.3,2.99650797550448,1.5,4.3,33.2349662780762,-5.05578305709757,0,8356.79,4,0.581810608506203
"1064",45,5.1,0.841859701885102,1.7,3.7,32.7364120483398,-5.79666260201339,NA,7596.56,4,0.581810608506203
"1065",44,5.1,2.43954381651978,1.5,4.5,32.2426490783691,-6.14445335343882,NA,6854.7,3,0.581810608506203
"1066",43,5.3,1.31879193537985,1.6,4.3,31.7679996490479,-6.36253143269761,NA,7914.56,3,0.581810608506203
"1067",45,4.7,1.85962140449923,1.6,3.9,31.3219604492188,-5.67713157626391,NA,8551.85,3,0.581810608506203
"1068",41,5.6,0.107915126446006,1.8,4.6,30.9069747924805,-5.12235055013305,NA,9082.28,3,0.916149985278025
"1069",39,NA,1.09261755143633,NA,NA,30.5195617675781,-4.5749812609505,NA,9546.25,3,0.916149985278025
"1070",38,NA,0.398605359551589,NA,NA,30.1555366516113,-4.05578990863341,NA,9762.99,3,0.916149985278025
"1071",NA,NA,-0.775000388822828,NA,NA,29.8084735870361,-2.67126643436402,NA,9115.23,3,0.854049995774403
"1072",36,NA,0.483238313000634,NA,NA,29.4732837677002,-2.90867145166041,NA,NA,3,0.854049995774403
"1073",NA,NA,1.22882117471474,NA,NA,29.1492137908936,NA,NA,NA,3,0.599950024858117
"1074",NA,NA,0.576732087968395,NA,NA,28.8359375,NA,NA,NA,3,0.599950024858117
